,Team 1,Team 2,Winner,Margin,Ground,Match Date,Scorecard
0,CSK,RR,RR,3 wickets,DY Patil,"Jun 1, 2008",Twenty20
1,CSK,Kings XI,CSK,9 wickets,Wankhede,"May 31, 2008",Twenty20
2,Daredevils,RR,RR,105 runs,Wankhede,"May 30, 2008",Twenty20
3,Kings XI,RR,Kings XI,41 runs,Mohali,"May 28, 2008",Twenty20
4,RCB,MI,MI,9 wickets,Bengaluru,"May 28, 2008",Twenty20
5,Chargers,CSK,CSK,7 wickets,Hyderabad,"May 27, 2008",Twenty20
6,RR,MI,RR,5 wickets,Jaipur,"May 26, 2008",Twenty20
7,KKR,Kings XI,KKR,3 wickets,Eden Gardens,"May 25, 2008",Twenty20
8,Chargers,RCB,RCB,5 wickets,Hyderabad,"May 25, 2008",Twenty20
9,Daredevils,MI,Daredevils,5 wickets,Delhi,"May 24, 2008",Twenty20
10,CSK,RR,RR,10 runs,Chennai,"May 24, 2008",Twenty20
11,Kings XI,Chargers,Kings XI,6 wickets,Mohali,"May 23, 2008",Twenty20
12,CSK,RCB,RCB,14 runs,Chennai,"May 21, 2008",Twenty20
13,MI,Kings XI,Kings XI,1 run,Wankhede,"May 21, 2008",Twenty20
14,KKR,RR,RR,6 wickets,Eden Gardens,"May 20, 2008",Twenty20
15,RCB,Daredevils,Daredevils,5 wickets,Bengaluru,"May 19, 2008",Twenty20
16,Chargers,MI,MI,25 runs,Hyderabad,"May 18, 2008",Twenty20
17,KKR,CSK,CSK,3 runs,Eden Gardens,"May 18, 2008",Twenty20
18,Daredevils,Kings XI,Kings XI,6 runs,Delhi,"May 17, 2008",Twenty20
19,RR,RCB,RR,65 runs,Jaipur,"May 17, 2008",Twenty20
20,MI,KKR,MI,8 wickets,Wankhede,"May 16, 2008",Twenty20
21,Daredevils,Chargers,Daredevils,12 runs,Delhi,"May 15, 2008",Twenty20
22,MI,CSK,MI,9 wickets,Wankhede,"May 14, 2008",Twenty20
23,KKR,Daredevils,KKR,23 runs,Eden Gardens,"May 13, 2008",Twenty20
24,Kings XI,RCB,Kings XI,9 wickets,Mohali,"May 12, 2008",Twenty20
25,RR,Daredevils,RR,3 wickets,Jaipur,"May 11, 2008",Twenty20
26,Chargers,KKR,KKR,23 runs,Hyderabad,"May 11, 2008",Twenty20
27,CSK,Kings XI,CSK,18 runs,Chennai,"May 10, 2008",Twenty20
28,RR,Chargers,RR,8 wickets,Jaipur,"May 9, 2008",Twenty20
29,KKR,RCB,KKR,5 runs,Eden Gardens,"May 8, 2008",Twenty20
30,Daredevils,CSK,CSK,4 wickets,Delhi,"May 8, 2008",Twenty20
31,MI,RR,MI,7 wickets,DY Patil,"May 7, 2008",Twenty20
32,CSK,Chargers,Chargers,7 wickets,Chennai,"May 6, 2008",Twenty20
33,RCB,Kings XI,Kings XI,6 wickets,Bengaluru,"May 5, 2008",Twenty20
34,RR,CSK,RR,8 wickets,Jaipur,"May 4, 2008",Twenty20
35,MI,Daredevils,MI,29 runs,DY Patil,"May 4, 2008",Twenty20
36,Kings XI,KKR,Kings XI,9 runs,Mohali,"May 3, 2008",Twenty20
37,RCB,Chargers,RCB,3 runs,Bengaluru,"May 3, 2008",Twenty20
38,CSK,Daredevils,Daredevils,8 wickets,Chennai,"May 2, 2008",Twenty20
39,Chargers,Kings XI,Kings XI,7 wickets,Hyderabad,"May 1, 2008",Twenty20
40,RR,KKR,RR,45 runs,Jaipur,"May 1, 2008",Twenty20
41,Daredevils,RCB,Daredevils,10 runs,Delhi,"Apr 30, 2008",Twenty20
42,KKR,MI,MI,7 wickets,Eden Gardens,"Apr 29, 2008",Twenty20
43,RCB,CSK,CSK,13 runs,Bengaluru,"Apr 28, 2008",Twenty20
44,MI,Chargers,Chargers,10 wickets,DY Patil,"Apr 27, 2008",Twenty20
45,Kings XI,Daredevils,Kings XI,4 wickets,Mohali,"Apr 27, 2008",Twenty20
46,RCB,RR,RR,7 wickets,Bengaluru,"Apr 26, 2008",Twenty20
47,CSK,KKR,CSK,9 wickets,Chennai,"Apr 26, 2008",Twenty20
48,Kings XI,MI,Kings XI,66 runs,Mohali,"Apr 25, 2008",Twenty20
49,Chargers,RR,RR,3 wickets,Hyderabad,"Apr 24, 2008",Twenty20
50,CSK,MI,CSK,6 runs,Chennai,"Apr 23, 2008",Twenty20
51,Chargers,Daredevils,Daredevils,9 wickets,Hyderabad,"Apr 22, 2008",Twenty20
52,RR,Kings XI,RR,6 wickets,Jaipur,"Apr 21, 2008",Twenty20
53,MI,RCB,RCB,5 wickets,Wankhede,"Apr 20, 2008",Twenty20
54,KKR,Chargers,KKR,5 wickets,Eden Gardens,"Apr 20, 2008",Twenty20
55,Daredevils,RR,Daredevils,9 wickets,Delhi,"Apr 19, 2008",Twenty20
56,Kings XI,CSK,CSK,33 runs,Mohali,"Apr 19, 2008",Twenty20
57,RCB,KKR,KKR,140 runs,Bengaluru,"Apr 18, 2008",Twenty20
58,Chargers,RCB,Chargers,6 runs,Johannesburg,"May 24, 2009",Twenty20
59,CSK,RCB,RCB,6 wickets,Johannesburg,"May 23, 2009",Twenty20
60,Chargers,Daredevils,Chargers,6 wickets,Centurion,"May 22, 2009",Twenty20
61,RCB,Chargers,RCB,12 runs,Centurion,"May 21, 2009",Twenty20
62,Daredevils,MI,Daredevils,4 wickets,Centurion,"May 21, 2009",Twenty20
63,CSK,Kings XI,CSK,24 runs,Durban,"May 20, 2009",Twenty20
64,KKR,RR,KKR,4 wickets,Durban,"May 20, 2009",Twenty20
65,RCB,Daredevils,RCB,7 wickets,Johannesburg,"May 19, 2009",Twenty20
66,CSK,KKR,KKR,7 wickets,Centurion,"May 18, 2009",Twenty20
67,Daredevils,RR,Daredevils,14 runs,Bloemfontein,"May 17, 2009",Twenty20
68,Chargers,Kings XI,Kings XI,1 run,Johannesburg,"May 17, 2009",Twenty20
69,Chargers,KKR,Chargers,6 wickets,Johannesburg,"May 16, 2009",Twenty20
70,CSK,MI,CSK,7 wickets,Gqeberha,"May 16, 2009",Twenty20
71,Daredevils,Kings XI,Kings XI,6 wickets,Bloemfontein,"May 15, 2009",Twenty20
72,MI,RR,RR,2 runs,Durban,"May 14, 2009",Twenty20
73,RCB,CSK,RCB,2 wickets,Durban,"May 14, 2009",Twenty20
74,Chargers,Daredevils,Daredevils,12 runs,Durban,"May 13, 2009",Twenty20
75,Kings XI,MI,MI,8 wickets,Centurion,"May 12, 2009",Twenty20
76,RCB,KKR,RCB,6 wickets,Centurion,"May 12, 2009",Twenty20
77,Chargers,RR,Chargers,53 runs,Kimberley,"May 11, 2009",Twenty20
78,Daredevils,KKR,Daredevils,7 wickets,Johannesburg,"May 10, 2009",Twenty20
79,RCB,MI,MI,16 runs,Gqeberha,"May 10, 2009",Twenty20
80,CSK,RR,CSK,7 wickets,Kimberley,"May 9, 2009",Twenty20
81,Chargers,Kings XI,Kings XI,3 wickets,Kimberley,"May 9, 2009",Twenty20
82,Daredevils,MI,Daredevils,7 wickets,East London,"May 8, 2009",Twenty20
83,CSK,Kings XI,CSK,12 runs,Centurion,"May 7, 2009",Twenty20
84,RCB,RR,RR,7 wickets,Centurion,"May 7, 2009",Twenty20
85,Chargers,MI,Chargers,19 runs,Centurion,"May 6, 2009",Twenty20
86,Daredevils,KKR,Daredevils,9 wickets,Durban,"May 5, 2009",Twenty20
87,Kings XI,RR,RR,78 runs,Durban,"May 5, 2009",Twenty20
88,CSK,Chargers,CSK,78 runs,East London,"May 4, 2009",Twenty20
89,RCB,MI,RCB,9 wickets,Johannesburg,"May 3, 2009",Twenty20
90,Kings XI,KKR,Kings XI,6 wickets,Gqeberha,"May 3, 2009",Twenty20
91,CSK,Daredevils,CSK,18 runs,Johannesburg,"May 2, 2009",Twenty20
92,Chargers,RR,RR,3 wickets,Gqeberha,"May 2, 2009",Twenty20
93,RCB,Kings XI,RCB,8 runs,Durban,"May 1, 2009",Twenty20
94,KKR,MI,MI,9 runs,East London,"May 1, 2009",Twenty20
95,CSK,RR,CSK,38 runs,Centurion,"Apr 30, 2009",Twenty20
96,Chargers,Daredevils,Daredevils,6 wickets,Centurion,"Apr 30, 2009",Twenty20
97,Kings XI,MI,Kings XI,3 runs,Durban,"Apr 29, 2009",Twenty20
98,RCB,KKR,RCB,5 wickets,Durban,"Apr 29, 2009",Twenty20
99,Daredevils,RR,RR,5 wickets,Centurion,"Apr 28, 2009",Twenty20
100,KKR,MI,MI,92 runs,Gqeberha,"Apr 27, 2009",Twenty20
101,CSK,Chargers,Chargers,6 wickets,Durban,"Apr 27, 2009",Twenty20
102,Kings XI,RR,Kings XI,27 runs,Cape Town,"Apr 26, 2009",Twenty20
103,RCB,Daredevils,Daredevils,6 wickets,Gqeberha,"Apr 26, 2009",Twenty20
104,Chargers,MI,Chargers,12 runs,Durban,"Apr 25, 2009",Twenty20
105,RCB,Kings XI,Kings XI,7 wickets,Durban,"Apr 24, 2009",Twenty20
106,KKR,RR,tied,-,Cape Town,"Apr 23, 2009",Twenty20
107,CSK,Daredevils,Daredevils,9 runs,Durban,"Apr 23, 2009",Twenty20
108,RCB,Chargers,Chargers,24 runs,Cape Town,"Apr 22, 2009",Twenty20
109,Kings XI,KKR,KKR,11 runs,Durban,"Apr 21, 2009",Twenty20
110,RCB,CSK,CSK,92 runs,Gqeberha,"Apr 20, 2009",Twenty20
111,Chargers,KKR,Chargers,8 wickets,Cape Town,"Apr 19, 2009",Twenty20
112,Daredevils,Kings XI,Daredevils,10 wickets,Cape Town,"Apr 19, 2009",Twenty20
113,RCB,RR,RCB,75 runs,Cape Town,"Apr 18, 2009",Twenty20
114,CSK,MI,MI,19 runs,Cape Town,"Apr 18, 2009",Twenty20
115,MI,CSK,CSK,22 runs,DY Patil,"Apr 25, 2010",Twenty20
116,Chargers,RCB,RCB,9 wickets,DY Patil,"Apr 24, 2010",Twenty20
117,CSK,Chargers,CSK,38 runs,DY Patil,"Apr 22, 2010",Twenty20
118,MI,RCB,MI,35 runs,DY Patil,"Apr 21, 2010",Twenty20
119,KKR,MI,KKR,9 wickets,Eden Gardens,"Apr 19, 2010",Twenty20
120,Daredevils,Chargers,Chargers,11 runs,Delhi,"Apr 18, 2010",Twenty20
121,Kings XI,CSK,CSK,6 wickets,Dharamsala,"Apr 18, 2010",Twenty20
122,KKR,RR,KKR,8 wickets,Eden Gardens,"Apr 17, 2010",Twenty20
123,RCB,MI,MI,57 runs,Bengaluru,"Apr 17, 2010",Twenty20
124,Kings XI,Chargers,Chargers,5 wickets,Dharamsala,"Apr 16, 2010",Twenty20
125,CSK,Daredevils,Daredevils,6 wickets,Chennai,"Apr 15, 2010",Twenty20
126,RR,RCB,RCB,5 wickets,Jaipur,"Apr 14, 2010",Twenty20
127,CSK,KKR,CSK,9 wickets,Chennai,"Apr 13, 2010",Twenty20
128,MI,Daredevils,MI,39 runs,Brabourne,"Apr 13, 2010",Twenty20
129,Chargers,RCB,Chargers,13 runs,Nagpur,"Apr 12, 2010",Twenty20
130,RR,MI,MI,37 runs,Jaipur,"Apr 11, 2010",Twenty20
131,Daredevils,Kings XI,Kings XI,7 wickets,Delhi,"Apr 11, 2010",Twenty20
132,RCB,KKR,RCB,7 wickets,Bengaluru,"Apr 10, 2010",Twenty20
133,Chargers,CSK,Chargers,6 wickets,Nagpur,"Apr 10, 2010",Twenty20
134,Kings XI,MI,Kings XI,6 wickets,Mohali,"Apr 9, 2010",Twenty20
135,RCB,Chargers,Chargers,7 wickets,Bengaluru,"Apr 8, 2010",Twenty20
136,KKR,Daredevils,KKR,14 runs,Eden Gardens,"Apr 7, 2010",Twenty20
137,RR,Kings XI,RR,9 wickets,Jaipur,"Apr 7, 2010",Twenty20
138,CSK,MI,CSK,24 runs,Chennai,"Apr 6, 2010",Twenty20
139,Chargers,RR,RR,2 runs,Nagpur,"Apr 5, 2010",Twenty20
140,Daredevils,RCB,Daredevils,37 runs,Delhi,"Apr 4, 2010",Twenty20
141,KKR,Kings XI,Kings XI,8 wickets,Eden Gardens,"Apr 4, 2010",Twenty20
142,MI,Chargers,MI,63 runs,Brabourne,"Apr 3, 2010",Twenty20
143,CSK,RR,CSK,23 runs,Chennai,"Apr 3, 2010",Twenty20
144,Kings XI,RCB,RCB,6 wickets,Mohali,"Apr 2, 2010",Twenty20
145,KKR,Chargers,KKR,24 runs,Eden Gardens,"Apr 1, 2010",Twenty20
146,Daredevils,RR,Daredevils,67 runs,Delhi,"Mar 31, 2010",Twenty20
147,CSK,RCB,CSK,5 wickets,Chennai,"Mar 31, 2010",Twenty20
148,MI,Kings XI,MI,4 wickets,Brabourne,"Mar 30, 2010",Twenty20
149,Daredevils,KKR,Daredevils,40 runs,Delhi,"Mar 29, 2010",Twenty20
150,Chargers,MI,MI,41 runs,DY Patil,"Mar 28, 2010",Twenty20
151,RR,CSK,RR,17 runs,Ahmedabad,"Mar 28, 2010",Twenty20
152,Kings XI,KKR,KKR,39 runs,Mohali,"Mar 27, 2010",Twenty20
153,RR,Chargers,RR,8 wickets,Ahmedabad,"Mar 26, 2010",Twenty20
154,MI,CSK,MI,5 wickets,Brabourne,"Mar 25, 2010",Twenty20
155,RCB,Daredevils,Daredevils,17 runs,Bengaluru,"Mar 25, 2010",Twenty20
156,Kings XI,RR,RR,31 runs,Mohali,"Mar 24, 2010",Twenty20
157,RCB,CSK,RCB,36 runs,Bengaluru,"Mar 23, 2010",Twenty20
158,MI,KKR,MI,7 wickets,Brabourne,"Mar 22, 2010",Twenty20
159,CSK,Kings XI,tied,-,Chennai,"Mar 21, 2010",Twenty20
160,Chargers,Daredevils,Chargers,10 runs,Cuttack,"Mar 21, 2010",Twenty20
161,MI,RCB,RCB,7 wickets,Brabourne,"Mar 20, 2010",Twenty20
162,RR,KKR,RR,34 runs,Ahmedabad,"Mar 20, 2010",Twenty20
163,Chargers,Kings XI,Chargers,6 runs,Cuttack,"Mar 19, 2010",Twenty20
164,Daredevils,CSK,CSK,5 wickets,Delhi,"Mar 19, 2010",Twenty20
165,RCB,RR,RCB,10 wickets,Bengaluru,"Mar 18, 2010",Twenty20
166,Daredevils,MI,MI,98 runs,Delhi,"Mar 17, 2010",Twenty20
167,KKR,CSK,CSK,55 runs,Eden Gardens,"Mar 16, 2010",Twenty20
168,RCB,Kings XI,RCB,8 wickets,Bengaluru,"Mar 16, 2010",Twenty20
169,RR,Daredevils,Daredevils,6 wickets,Ahmedabad,"Mar 15, 2010",Twenty20
170,CSK,Chargers,Chargers,31 runs,Chennai,"Mar 14, 2010",Twenty20
171,KKR,RCB,KKR,7 wickets,Eden Gardens,"Mar 14, 2010",Twenty20
172,Kings XI,Daredevils,Daredevils,5 wickets,Mohali,"Mar 13, 2010",Twenty20
173,MI,RR,MI,4 runs,Brabourne,"Mar 13, 2010",Twenty20
174,Chargers,KKR,KKR,11 runs,DY Patil,"Mar 12, 2010",Twenty20
175,CSK,RCB,CSK,58 runs,Chennai,"May 28, 2011",Twenty20
176,MI,RCB,RCB,43 runs,Chennai,"May 27, 2011",Twenty20
177,MI,KKR,MI,4 wickets,Wankhede,"May 25, 2011",Twenty20
178,CSK,RCB,CSK,6 wickets,Wankhede,"May 24, 2011",Twenty20
179,KKR,MI,MI,5 wickets,Eden Gardens,"May 22, 2011",Twenty20
180,RCB,CSK,RCB,8 wickets,Bengaluru,"May 22, 2011",Twenty20
181,Daredevils,Warriors,no result,-,Delhi,"May 21, 2011",Twenty20
182,Kings XI,Chargers,Chargers,82 runs,Dharamsala,"May 21, 2011",Twenty20
183,MI,RR,RR,10 wickets,Wankhede,"May 20, 2011",Twenty20
184,Warriors,KKR,KKR,7 wickets,DY Patil,"May 19, 2011",Twenty20
185,CSK,Kochi,CSK,11 runs,Chennai,"May 18, 2011",Twenty20
186,Kings XI,RCB,Kings XI,111 runs,Dharamsala,"May 17, 2011",Twenty20
187,Warriors,Chargers,Chargers,6 wickets,DY Patil,"May 16, 2011",Twenty20
188,Kochi,RR,Kochi,8 wickets,Indore,"May 15, 2011",Twenty20
189,Kings XI,Daredevils,Kings XI,29 runs,Dharamsala,"May 15, 2011",Twenty20
190,MI,Chargers,Chargers,10 runs,Wankhede,"May 14, 2011",Twenty20
191,RCB,KKR,RCB,4 wickets,Bengaluru,"May 14, 2011",Twenty20
192,Kochi,Kings XI,Kings XI,6 wickets,Indore,"May 13, 2011",Twenty20
193,CSK,Daredevils,CSK,18 runs,Chennai,"May 12, 2011",Twenty20
194,RR,RCB,RCB,9 wickets,Jaipur,"May 11, 2011",Twenty20
195,Kings XI,MI,Kings XI,76 runs,Mohali,"May 10, 2011",Twenty20
196,Chargers,Warriors,Warriors,6 wickets,Hyderabad,"May 10, 2011",Twenty20
197,RR,CSK,CSK,63 runs,Jaipur,"May 9, 2011",Twenty20
198,Kings XI,Warriors,Warriors,5 wickets,Mohali,"May 8, 2011",Twenty20
199,RCB,Kochi,RCB,9 wickets,Bengaluru,"May 8, 2011",Twenty20
200,MI,Daredevils,MI,32 runs,Wankhede,"May 7, 2011",Twenty20
201,KKR,CSK,KKR,10 runs,Eden Gardens,"May 7, 2011",Twenty20
202,RCB,Kings XI,RCB,85 runs,Bengaluru,"May 6, 2011",Twenty20
203,Chargers,Daredevils,Daredevils,4 wickets,Hyderabad,"May 5, 2011",Twenty20
204,Kochi,KKR,Kochi,17 runs,Kochi,"May 5, 2011",Twenty20
205,Warriors,MI,MI,21 runs,DY Patil,"May 4, 2011",Twenty20
206,CSK,RR,CSK,8 wickets,Chennai,"May 4, 2011",Twenty20
207,Chargers,KKR,KKR,20 runs,Hyderabad,"May 3, 2011",Twenty20
208,Daredevils,Kochi,Kochi,7 wickets,Delhi,"May 2, 2011",Twenty20
209,MI,Kings XI,MI,23 runs,Wankhede,"May 2, 2011",Twenty20
210,CSK,Chargers,CSK,19 runs,Chennai,"May 1, 2011",Twenty20
211,RR,Warriors,RR,6 wickets,Jaipur,"May 1, 2011",Twenty20
212,KKR,Kings XI,KKR,8 wickets,Eden Gardens,"Apr 30, 2011",Twenty20
213,Kochi,Daredevils,Daredevils,38 runs,Kochi,"Apr 30, 2011",Twenty20
214,RCB,Warriors,RCB,26 runs,Bengaluru,"Apr 29, 2011",Twenty20
215,RR,MI,RR,7 wickets,Jaipur,"Apr 29, 2011",Twenty20
216,Daredevils,KKR,KKR,17 runs,Delhi,"Apr 28, 2011",Twenty20
217,Kochi,Chargers,Chargers,55 runs,Kochi,"Apr 27, 2011",Twenty20
218,Warriors,CSK,CSK,8 wickets,DY Patil,"Apr 27, 2011",Twenty20
219,Daredevils,RCB,RCB,3 wickets,Delhi,"Apr 26, 2011",Twenty20
220,CSK,Warriors,CSK,25 runs,Chennai,"Apr 25, 2011",Twenty20
221,RR,Kochi,RR,8 wickets,Jaipur,"Apr 24, 2011",Twenty20
222,Chargers,MI,MI,37 runs,Hyderabad,"Apr 24, 2011",Twenty20
223,Daredevils,Kings XI,Daredevils,29 runs,Delhi,"Apr 23, 2011",Twenty20
224,MI,CSK,MI,8 runs,Wankhede,"Apr 22, 2011",Twenty20
225,KKR,RCB,RCB,9 wickets,Eden Gardens,"Apr 22, 2011",Twenty20
226,Kings XI,RR,Kings XI,48 runs,Mohali,"Apr 21, 2011",Twenty20
227,KKR,Kochi,Kochi,6 runs,Eden Gardens,"Apr 20, 2011",Twenty20
228,MI,Warriors,MI,7 wickets,Wankhede,"Apr 20, 2011",Twenty20
229,Daredevils,Chargers,Chargers,16 runs,Delhi,"Apr 19, 2011",Twenty20
230,Kochi,CSK,Kochi,7 wickets,Kochi,"Apr 18, 2011",Twenty20
231,KKR,RR,KKR,8 wickets,Eden Gardens,"Apr 17, 2011",Twenty20
232,Warriors,Daredevils,Daredevils,3 wickets,DY Patil,"Apr 17, 2011",Twenty20
233,Chargers,Kings XI,Kings XI,8 wickets,Hyderabad,"Apr 16, 2011",Twenty20
234,CSK,RCB,CSK,21 runs,Chennai,"Apr 16, 2011",Twenty20
235,MI,Kochi,Kochi,8 wickets,Wankhede,"Apr 15, 2011",Twenty20
236,RR,KKR,KKR,9 wickets,Jaipur,"Apr 15, 2011",Twenty20
237,Chargers,RCB,Chargers,33 runs,Hyderabad,"Apr 14, 2011",Twenty20
238,Warriors,Kochi,Warriors,4 wickets,DY Patil,"Apr 13, 2011",Twenty20
239,Kings XI,CSK,Kings XI,6 wickets,Mohali,"Apr 13, 2011",Twenty20
240,RCB,MI,MI,9 wickets,Bengaluru,"Apr 12, 2011",Twenty20
241,RR,Daredevils,RR,6 wickets,Jaipur,"Apr 12, 2011",Twenty20
242,KKR,Chargers,KKR,9 runs,Eden Gardens,"Apr 11, 2011",Twenty20
243,Warriors,Kings XI,Warriors,7 wickets,DY Patil,"Apr 10, 2011",Twenty20
244,Daredevils,MI,MI,8 wickets,Delhi,"Apr 10, 2011",Twenty20
245,Kochi,RCB,RCB,6 wickets,Kochi,"Apr 9, 2011",Twenty20
246,Chargers,RR,RR,8 wickets,Hyderabad,"Apr 9, 2011",Twenty20
247,CSK,KKR,CSK,2 runs,Chennai,"Apr 8, 2011",Twenty20
248,CSK,KKR,KKR,5 wickets,Chennai,"May 27, 2012",Twenty20
249,CSK,Daredevils,CSK,86 runs,Chennai,"May 25, 2012",Twenty20
250,CSK,MI,CSK,38 runs,Bengaluru,"May 23, 2012",Twenty20
251,Daredevils,KKR,KKR,18 runs,Pune,"May 22, 2012",Twenty20
252,RR,MI,MI,10 wickets,Jaipur,"May 20, 2012",Twenty20
253,Chargers,RCB,Chargers,9 runs,Hyderabad,"May 20, 2012",Twenty20
254,Warriors,KKR,KKR,34 runs,Pune,"May 19, 2012",Twenty20
255,Kings XI,Daredevils,Daredevils,6 wickets,Dharamsala,"May 19, 2012",Twenty20
256,Chargers,RR,Chargers,5 wickets,Hyderabad,"May 18, 2012",Twenty20
257,Daredevils,RCB,RCB,21 runs,Delhi,"May 17, 2012",Twenty20
258,Kings XI,CSK,Kings XI,6 wickets,Dharamsala,"May 17, 2012",Twenty20
259,MI,KKR,KKR,32 runs,Wankhede,"May 16, 2012",Twenty20
260,Daredevils,Kings XI,Daredevils,5 wickets,Delhi,"May 15, 2012",Twenty20
261,KKR,CSK,CSK,5 wickets,Eden Gardens,"May 14, 2012",Twenty20
262,RCB,MI,MI,5 wickets,Bengaluru,"May 14, 2012",Twenty20
263,Kings XI,Chargers,Kings XI,4 wickets,Mohali,"May 13, 2012",Twenty20
264,RR,Warriors,RR,45 runs,Jaipur,"May 13, 2012",Twenty20
265,CSK,Daredevils,CSK,9 wickets,Chennai,"May 12, 2012",Twenty20
266,KKR,MI,MI,27 runs,Eden Gardens,"May 12, 2012",Twenty20
267,Warriors,RCB,RCB,35 runs,Pune,"May 11, 2012",Twenty20
268,RR,CSK,CSK,4 wickets,Jaipur,"May 10, 2012",Twenty20
269,Chargers,Daredevils,Daredevils,9 wickets,Hyderabad,"May 10, 2012",Twenty20
270,MI,RCB,RCB,9 wickets,Wankhede,"May 9, 2012",Twenty20
271,Chargers,Kings XI,Kings XI,25 runs,Hyderabad,"May 8, 2012",Twenty20
272,Warriors,RR,RR,7 wickets,Pune,"May 8, 2012",Twenty20
273,Daredevils,KKR,KKR,6 wickets,Delhi,"May 7, 2012",Twenty20
274,RCB,Chargers,RCB,5 wickets,Bengaluru,"May 6, 2012",Twenty20
275,MI,CSK,MI,2 wickets,Wankhede,"May 6, 2012",Twenty20
276,Kings XI,RR,RR,43 runs,Mohali,"May 5, 2012",Twenty20
277,KKR,Warriors,KKR,7 runs,Eden Gardens,"May 5, 2012",Twenty20
278,CSK,Chargers,CSK,10 runs,Chennai,"May 4, 2012",Twenty20
279,Warriors,MI,MI,1 run,Pune,"May 3, 2012",Twenty20
280,RCB,Kings XI,Kings XI,4 wickets,Bengaluru,"May 2, 2012",Twenty20
281,RR,Daredevils,Daredevils,6 wickets,Jaipur,"May 1, 2012",Twenty20
282,Chargers,Warriors,Chargers,13 runs,Cuttack,"May 1, 2012",Twenty20
283,CSK,KKR,KKR,5 wickets,Chennai,"Apr 30, 2012",Twenty20
284,MI,Chargers,MI,5 wickets,Wankhede,"Apr 29, 2012",Twenty20
285,Daredevils,RR,Daredevils,1 run,Delhi,"Apr 29, 2012",Twenty20
286,KKR,RCB,KKR,47 runs,Eden Gardens,"Apr 28, 2012",Twenty20
287,CSK,Kings XI,Kings XI,7 runs,Chennai,"Apr 28, 2012",Twenty20
288,Daredevils,MI,Daredevils,37 runs,Delhi,"Apr 27, 2012",Twenty20
289,Warriors,Chargers,Chargers,18 runs,Pune,"Apr 26, 2012",Twenty20
290,RCB,CSK,no result,-,Bengaluru,"Apr 25, 2012",Twenty20
291,Kings XI,MI,MI,4 wickets,Mohali,"Apr 25, 2012",Twenty20
292,Warriors,Daredevils,Daredevils,8 wickets,Pune,"Apr 24, 2012",Twenty20
293,RR,RCB,RCB,46 runs,Jaipur,"Apr 23, 2012",Twenty20
294,Chargers,KKR,KKR,5 wickets,Cuttack,"Apr 22, 2012",Twenty20
295,MI,Kings XI,Kings XI,6 wickets,Wankhede,"Apr 22, 2012",Twenty20
296,Daredevils,Warriors,Warriors,20 runs,Delhi,"Apr 21, 2012",Twenty20
297,CSK,RR,CSK,7 wickets,Chennai,"Apr 21, 2012",Twenty20
298,Kings XI,RCB,RCB,5 wickets,Mohali,"Apr 20, 2012",Twenty20
299,CSK,Warriors,CSK,13 runs,Chennai,"Apr 19, 2012",Twenty20
300,Daredevils,Chargers,Daredevils,5 wickets,Delhi,"Apr 19, 2012",Twenty20
301,Kings XI,KKR,KKR,8 wickets,Mohali,"Apr 18, 2012",Twenty20
302,RCB,Warriors,RCB,6 wickets,Bengaluru,"Apr 17, 2012",Twenty20
303,RR,Chargers,RR,5 wickets,Jaipur,"Apr 17, 2012",Twenty20
304,MI,Daredevils,Daredevils,7 wickets,Wankhede,"Apr 16, 2012",Twenty20
305,RCB,RR,RR,59 runs,Bengaluru,"Apr 15, 2012",Twenty20
306,KKR,Kings XI,Kings XI,2 runs,Eden Gardens,"Apr 15, 2012",Twenty20
307,Warriors,CSK,Warriors,7 wickets,Pune,"Apr 14, 2012",Twenty20
308,KKR,RR,KKR,5 wickets,Eden Gardens,"Apr 13, 2012",Twenty20
309,Kings XI,Warriors,Kings XI,7 wickets,Mohali,"Apr 12, 2012",Twenty20
310,CSK,RCB,CSK,5 wickets,Chennai,"Apr 12, 2012",Twenty20
311,MI,RR,MI,27 runs,Wankhede,"Apr 11, 2012",Twenty20
312,Daredevils,CSK,Daredevils,8 wickets,Delhi,"Apr 10, 2012",Twenty20
313,RCB,KKR,KKR,42 runs,Bengaluru,"Apr 10, 2012",Twenty20
314,Chargers,MI,MI,5 wickets,Visakhapatnam,"Apr 9, 2012",Twenty20
315,Warriors,Kings XI,Warriors,22 runs,Pune,"Apr 8, 2012",Twenty20
316,RR,KKR,RR,22 runs,Jaipur,"Apr 8, 2012",Twenty20
317,Chargers,CSK,CSK,74 runs,Visakhapatnam,"Apr 7, 2012",Twenty20
318,RCB,Daredevils,RCB,20 runs,Bengaluru,"Apr 7, 2012",Twenty20
319,RR,Kings XI,RR,31 runs,Jaipur,"Apr 6, 2012",Twenty20
320,MI,Warriors,Warriors,28 runs,Wankhede,"Apr 6, 2012",Twenty20
321,KKR,Daredevils,Daredevils,8 wickets,Eden Gardens,"Apr 5, 2012",Twenty20
322,CSK,MI,MI,8 wickets,Chennai,"Apr 4, 2012",Twenty20
323,CSK,MI,MI,23 runs,Eden Gardens,"May 26, 2013",Twenty20
324,MI,RR,MI,4 wickets,Eden Gardens,"May 24, 2013",Twenty20
325,RR,SRH,RR,4 wickets,Delhi,"May 22, 2013",Twenty20
326,CSK,MI,CSK,48 runs,Delhi,"May 21, 2013",Twenty20
327,SRH,KKR,SRH,5 wickets,Hyderabad,"May 19, 2013",Twenty20
328,Warriors,Daredevils,Warriors,38 runs,Pune,"May 19, 2013",Twenty20
329,RCB,CSK,RCB,24 runs,Bengaluru,"May 18, 2013",Twenty20
330,Kings XI,MI,Kings XI,50 runs,Dharamsala,"May 18, 2013",Twenty20
331,SRH,RR,SRH,23 runs,Hyderabad,"May 17, 2013",Twenty20
332,Kings XI,Daredevils,Kings XI,7 runs,Dharamsala,"May 16, 2013",Twenty20
333,MI,RR,MI,14 runs,Wankhede,"May 15, 2013",Twenty20
334,KKR,Warriors,Warriors,7 runs,Ranchi,"May 15, 2013",Twenty20
335,CSK,Daredevils,CSK,33 runs,Chennai,"May 14, 2013",Twenty20
336,RCB,Kings XI,Kings XI,7 wickets,Bengaluru,"May 14, 2013",Twenty20
337,MI,SRH,MI,7 wickets,Wankhede,"May 13, 2013",Twenty20
338,RR,CSK,RR,5 wickets,Jaipur,"May 12, 2013",Twenty20
339,KKR,RCB,KKR,5 wickets,Ranchi,"May 12, 2013",Twenty20
340,Kings XI,SRH,SRH,30 runs,Mohali,"May 11, 2013",Twenty20
341,Warriors,MI,MI,5 wickets,Pune,"May 11, 2013",Twenty20
342,Daredevils,RCB,RCB,4 runs,Delhi,"May 10, 2013",Twenty20
343,Warriors,KKR,KKR,46 runs,Pune,"May 9, 2013",Twenty20
344,Kings XI,RR,RR,8 wickets,Mohali,"May 9, 2013",Twenty20
345,SRH,CSK,CSK,77 runs,Hyderabad,"May 8, 2013",Twenty20
346,MI,KKR,MI,65 runs,Wankhede,"May 7, 2013",Twenty20
347,RR,Daredevils,RR,9 wickets,Jaipur,"May 7, 2013",Twenty20
348,Kings XI,RCB,Kings XI,6 wickets,Mohali,"May 6, 2013",Twenty20
349,RR,Warriors,RR,5 wickets,Jaipur,"May 5, 2013",Twenty20
350,MI,CSK,MI,60 runs,Wankhede,"May 5, 2013",Twenty20
351,SRH,Daredevils,SRH,6 wickets,Hyderabad,"May 4, 2013",Twenty20
352,KKR,RR,KKR,8 wickets,Eden Gardens,"May 3, 2013",Twenty20
353,Warriors,RCB,RCB,17 runs,Pune,"May 2, 2013",Twenty20
354,CSK,Kings XI,CSK,15 runs,Chennai,"May 2, 2013",Twenty20
355,Daredevils,KKR,Daredevils,7 wickets,Raipur,"May 1, 2013",Twenty20
356,SRH,MI,SRH,7 wickets,Hyderabad,"May 1, 2013",Twenty20
357,Warriors,CSK,CSK,37 runs,Pune,"Apr 30, 2013",Twenty20
358,MI,Kings XI,MI,4 runs,Wankhede,"Apr 29, 2013",Twenty20
359,RR,RCB,RR,4 wickets,Jaipur,"Apr 29, 2013",Twenty20
360,Daredevils,Warriors,Daredevils,15 runs,Raipur,"Apr 28, 2013",Twenty20
361,CSK,KKR,CSK,14 runs,Chennai,"Apr 28, 2013",Twenty20
362,MI,RCB,MI,58 runs,Wankhede,"Apr 27, 2013",Twenty20
363,RR,SRH,RR,8 wickets,Jaipur,"Apr 27, 2013",Twenty20
364,KKR,Kings XI,KKR,6 wickets,Eden Gardens,"Apr 26, 2013",Twenty20
365,CSK,SRH,CSK,5 wickets,Chennai,"Apr 25, 2013",Twenty20
366,KKR,MI,MI,5 wickets,Eden Gardens,"Apr 24, 2013",Twenty20
367,Daredevils,Kings XI,Kings XI,5 wickets,Delhi,"Apr 23, 2013",Twenty20
368,RCB,Warriors,RCB,130 runs,Bengaluru,"Apr 23, 2013",Twenty20
369,CSK,RR,CSK,5 wickets,Chennai,"Apr 22, 2013",Twenty20
370,Kings XI,Warriors,Kings XI,7 wickets,Mohali,"Apr 21, 2013",Twenty20
371,Daredevils,MI,Daredevils,9 wickets,Delhi,"Apr 21, 2013",Twenty20
372,RCB,RR,RCB,7 wickets,Bengaluru,"Apr 20, 2013",Twenty20
373,KKR,CSK,CSK,4 wickets,Eden Gardens,"Apr 20, 2013",Twenty20
374,SRH,Kings XI,SRH,5 wickets,Hyderabad,"Apr 19, 2013",Twenty20
375,Daredevils,CSK,CSK,86 runs,Delhi,"Apr 18, 2013",Twenty20
376,RR,MI,RR,87 runs,Jaipur,"Apr 17, 2013",Twenty20
377,Warriors,SRH,SRH,11 runs,Pune,"Apr 17, 2013",Twenty20
378,RCB,Daredevils,tied,-,Bengaluru,"Apr 16, 2013",Twenty20
379,Kings XI,KKR,Kings XI,4 runs,Mohali,"Apr 16, 2013",Twenty20
380,CSK,Warriors,Warriors,24 runs,Chennai,"Apr 15, 2013",Twenty20
381,RR,Kings XI,RR,6 wickets,Jaipur,"Apr 14, 2013",Twenty20
382,KKR,SRH,KKR,48 runs,Eden Gardens,"Apr 14, 2013",Twenty20
383,CSK,RCB,CSK,4 wickets,Chennai,"Apr 13, 2013",Twenty20
384,MI,Warriors,MI,41 runs,Wankhede,"Apr 13, 2013",Twenty20
385,Daredevils,SRH,SRH,3 wickets,Delhi,"Apr 12, 2013",Twenty20
386,Warriors,RR,Warriors,7 wickets,Pune,"Apr 11, 2013",Twenty20
387,RCB,KKR,RCB,8 wickets,Bengaluru,"Apr 11, 2013",Twenty20
388,Kings XI,CSK,CSK,10 wickets,Mohali,"Apr 10, 2013",Twenty20
389,MI,Daredevils,MI,44 runs,Wankhede,"Apr 9, 2013",Twenty20
390,RCB,SRH,RCB,7 wickets,Bengaluru,"Apr 9, 2013",Twenty20
391,RR,KKR,RR,19 runs,Jaipur,"Apr 8, 2013",Twenty20
392,SRH,RCB,tied,-,Hyderabad,"Apr 7, 2013",Twenty20
393,Warriors,Kings XI,Kings XI,8 wickets,Pune,"Apr 7, 2013",Twenty20
394,CSK,MI,MI,9 runs,Chennai,"Apr 6, 2013",Twenty20
395,Daredevils,RR,RR,5 runs,Delhi,"Apr 6, 2013",Twenty20
396,SRH,Warriors,SRH,22 runs,Hyderabad,"Apr 5, 2013",Twenty20
397,RCB,MI,RCB,2 runs,Bengaluru,"Apr 4, 2013",Twenty20
398,KKR,Daredevils,KKR,6 wickets,Eden Gardens,"Apr 3, 2013",Twenty20
399,Kings XI,KKR,KKR,3 wickets,Bengaluru,"Jun 1, 2014",Twenty20
400,CSK,Kings XI,Kings XI,24 runs,Wankhede,"May 30, 2014",Twenty20
401,MI,CSK,CSK,7 wickets,Brabourne,"May 28, 2014",Twenty20
402,KKR,Kings XI,KKR,28 runs,Eden Gardens,"May 27-28, 2014",Twenty20
403,MI,RR,MI,5 wickets,Wankhede,"May 25, 2014",Twenty20
404,Kings XI,Daredevils,Kings XI,7 wickets,Mohali,"May 25, 2014",Twenty20
405,KKR,SRH,KKR,4 wickets,Eden Gardens,"May 24, 2014",Twenty20
406,RCB,CSK,CSK,8 wickets,Bengaluru,"May 24, 2014",Twenty20
407,Kings XI,RR,Kings XI,16 runs,Mohali,"May 23, 2014",Twenty20
408,MI,Daredevils,MI,15 runs,Wankhede,"May 23, 2014",Twenty20
409,CSK,SRH,SRH,6 wickets,Ranchi,"May 22, 2014",Twenty20
410,KKR,RCB,KKR,30 runs,Eden Gardens,"May 22, 2014",Twenty20
411,Kings XI,MI,MI,7 wickets,Mohali,"May 21, 2014",Twenty20
412,KKR,CSK,KKR,8 wickets,Eden Gardens,"May 20, 2014",Twenty20
413,SRH,RCB,SRH,7 wickets,Hyderabad,"May 20, 2014",Twenty20
414,Daredevils,Kings XI,Kings XI,4 wickets,Delhi,"May 19, 2014",Twenty20
415,RR,MI,MI,25 runs,Ahmedabad,"May 19, 2014",Twenty20
416,SRH,KKR,KKR,7 wickets,Hyderabad,"May 18, 2014",Twenty20
417,CSK,RCB,RCB,5 wickets,Ranchi,"May 18, 2014",Twenty20
418,RR,Daredevils,RR,62 runs,Ahmedabad,"May 15, 2014",Twenty20
419,KKR,MI,KKR,6 wickets,Cuttack,"May 14, 2014",Twenty20
420,SRH,Kings XI,Kings XI,6 wickets,Hyderabad,"May 14, 2014",Twenty20
421,RCB,Daredevils,RCB,16 runs,Bengaluru,"May 13, 2014",Twenty20
422,CSK,RR,CSK,5 wickets,Ranchi,"May 13, 2014",Twenty20
423,SRH,MI,MI,7 wickets,Hyderabad,"May 12, 2014",Twenty20
424,RCB,RR,RR,5 wickets,Bengaluru,"May 11, 2014",Twenty20
425,Kings XI,KKR,KKR,9 wickets,Cuttack,"May 11, 2014",Twenty20
426,MI,CSK,CSK,4 wickets,Wankhede,"May 10, 2014",Twenty20
427,Daredevils,SRH,SRH,8 wickets,Delhi,"May 10, 2014",Twenty20
428,RCB,Kings XI,Kings XI,32 runs,Bengaluru,"May 9, 2014",Twenty20
429,RR,SRH,SRH,32 runs,Ahmedabad,"May 8, 2014",Twenty20
430,Kings XI,CSK,Kings XI,44 runs,Cuttack,"May 7, 2014",Twenty20
431,Daredevils,KKR,KKR,8 wickets,Delhi,"May 7, 2014",Twenty20
432,MI,RCB,MI,19 runs,Wankhede,"May 6, 2014",Twenty20
433,Daredevils,CSK,CSK,8 wickets,Delhi,"May 5, 2014",Twenty20
434,RR,KKR,RR,10 runs,Ahmedabad,"May 5, 2014",Twenty20
435,RCB,SRH,RCB,4 wickets,Bengaluru,"May 4, 2014",Twenty20
436,Daredevils,RR,RR,7 wickets,Delhi,"May 3, 2014",Twenty20
437,MI,Kings XI,MI,5 wickets,Wankhede,"May 3, 2014",Twenty20
438,CSK,KKR,CSK,34 runs,Ranchi,"May 2, 2014",Twenty20
439,MI,SRH,SRH,15 runs,Dubai (DICS),"Apr 30, 2014",Twenty20
440,KKR,RR,tied,-,Abu Dhabi,"Apr 29, 2014",Twenty20
441,Kings XI,RCB,Kings XI,5 wickets,Dubai (DICS),"Apr 28, 2014",Twenty20
442,SRH,CSK,CSK,5 wickets,Sharjah,"Apr 27, 2014",Twenty20
443,Daredevils,MI,Daredevils,6 wickets,Sharjah,"Apr 27, 2014",Twenty20
444,KKR,Kings XI,Kings XI,23 runs,Abu Dhabi,"Apr 26, 2014",Twenty20
445,RR,RCB,RR,6 wickets,Abu Dhabi,"Apr 26, 2014",Twenty20
446,CSK,MI,CSK,7 wickets,Dubai (DICS),"Apr 25, 2014",Twenty20
447,SRH,Daredevils,SRH,4 runs,Dubai (DICS),"Apr 25, 2014",Twenty20
448,RCB,KKR,KKR,2 runs,Sharjah,"Apr 24, 2014",Twenty20
449,RR,CSK,CSK,7 runs,Dubai (DICS),"Apr 23, 2014",Twenty20
450,Kings XI,SRH,Kings XI,72 runs,Sharjah,"Apr 22, 2014",Twenty20
451,CSK,Daredevils,CSK,93 runs,Abu Dhabi,"Apr 21, 2014",Twenty20
452,RR,Kings XI,Kings XI,7 wickets,Sharjah,"Apr 20, 2014",Twenty20
453,KKR,Daredevils,Daredevils,4 wickets,Dubai (DICS),"Apr 19, 2014",Twenty20
454,RCB,MI,RCB,7 wickets,Dubai (DICS),"Apr 19, 2014",Twenty20
455,SRH,RR,RR,4 wickets,Abu Dhabi,"Apr 18, 2014",Twenty20
456,CSK,Kings XI,Kings XI,6 wickets,Abu Dhabi,"Apr 18, 2014",Twenty20
457,Daredevils,RCB,RCB,8 wickets,Sharjah,"Apr 17, 2014",Twenty20
458,MI,KKR,KKR,41 runs,Abu Dhabi,"Apr 16, 2014",Twenty20
459,CSK,MI,MI,41 runs,Eden Gardens,"May 24, 2015",Twenty20
460,CSK,RCB,CSK,3 wickets,Ranchi,"May 22, 2015",Twenty20
461,RR,RCB,RCB,71 runs,Pune,"May 20, 2015",Twenty20
462,CSK,MI,MI,25 runs,Wankhede,"May 19, 2015",Twenty20
463,SRH,MI,MI,9 wickets,Hyderabad,"May 17, 2015",Twenty20
464,RCB,Daredevils,no result,-,Bengaluru,"May 17, 2015",Twenty20
465,RR,KKR,RR,9 runs,Brabourne,"May 16, 2015",Twenty20
466,Kings XI,CSK,CSK,7 wickets,Mohali,"May 16, 2015",Twenty20
467,SRH,RCB,RCB,6 wickets,Hyderabad,"May 15, 2015",Twenty20
468,MI,KKR,MI,5 runs,Wankhede,"May 14, 2015",Twenty20
469,Kings XI,RCB,Kings XI,22 runs,Mohali,"May 13, 2015",Twenty20
470,Daredevils,CSK,Daredevils,6 wickets,Raipur,"May 12, 2015",Twenty20
471,SRH,Kings XI,SRH,5 runs,Hyderabad,"May 11, 2015",Twenty20
472,CSK,RR,CSK,12 runs,Chennai,"May 10, 2015",Twenty20
473,MI,RCB,RCB,39 runs,Wankhede,"May 10, 2015",Twenty20
474,Daredevils,SRH,SRH,6 runs,Raipur,"May 9, 2015",Twenty20
475,KKR,Kings XI,KKR,1 wicket,Eden Gardens,"May 9, 2015",Twenty20
476,CSK,MI,MI,6 wickets,Chennai,"May 8, 2015",Twenty20
477,KKR,Daredevils,KKR,13 runs,Eden Gardens,"May 7, 2015",Twenty20
478,RR,SRH,SRH,7 runs,Brabourne,"May 7, 2015",Twenty20
479,RCB,Kings XI,RCB,138 runs,Bengaluru,"May 6, 2015",Twenty20
480,MI,Daredevils,MI,5 wickets,Wankhede,"May 5, 2015",Twenty20
481,KKR,SRH,KKR,35 runs,Eden Gardens,"May 4, 2015",Twenty20
482,CSK,RCB,CSK,24 runs,Chennai,"May 4, 2015",Twenty20
483,RR,Daredevils,RR,14 runs,Brabourne,"May 3, 2015",Twenty20
484,Kings XI,MI,MI,23 runs,Mohali,"May 3, 2015",Twenty20
485,SRH,CSK,SRH,22 runs,Hyderabad,"May 2, 2015",Twenty20
486,RCB,KKR,RCB,7 wickets,Bengaluru,"May 2, 2015",Twenty20
487,MI,RR,MI,8 runs,Wankhede,"May 1, 2015",Twenty20
488,Daredevils,Kings XI,Daredevils,9 wickets,Delhi,"May 1, 2015",Twenty20
489,KKR,CSK,KKR,7 wickets,Eden Gardens,"Apr 30, 2015",Twenty20
490,RCB,RR,no result,-,Bengaluru,"Apr 29, 2015",Twenty20
491,CSK,KKR,CSK,2 runs,Chennai,"Apr 28, 2015",Twenty20
492,Kings XI,SRH,SRH,20 runs,Mohali,"Apr 27, 2015",Twenty20
493,Daredevils,RCB,RCB,10 wickets,Delhi,"Apr 26, 2015",Twenty20
494,CSK,Kings XI,CSK,97 runs,Chennai,"Apr 25, 2015",Twenty20
495,MI,SRH,MI,20 runs,Wankhede,"Apr 25, 2015",Twenty20
496,RR,RCB,RCB,9 wickets,Ahmedabad,"Apr 24, 2015",Twenty20
497,Daredevils,MI,Daredevils,37 runs,Delhi,"Apr 23, 2015",Twenty20
498,RCB,CSK,CSK,27 runs,Bengaluru,"Apr 22, 2015",Twenty20
499,SRH,KKR,SRH,16 runs,Visakhapatnam,"Apr 22, 2015",Twenty20
500,RR,Kings XI,tied,-,Ahmedabad,"Apr 21, 2015",Twenty20
501,Daredevils,KKR,KKR,6 wickets,Delhi,"Apr 20, 2015",Twenty20
502,RCB,MI,MI,18 runs,Bengaluru,"Apr 19, 2015",Twenty20
503,RR,CSK,RR,8 wickets,Ahmedabad,"Apr 19, 2015",Twenty20
504,Kings XI,KKR,KKR,4 wickets,Pune,"Apr 18, 2015",Twenty20
505,SRH,Daredevils,Daredevils,4 runs,Visakhapatnam,"Apr 18, 2015",Twenty20
506,MI,CSK,CSK,6 wickets,Wankhede,"Apr 17, 2015",Twenty20
507,SRH,RR,RR,6 wickets,Visakhapatnam,"Apr 16, 2015",Twenty20
508,Kings XI,Daredevils,Daredevils,5 wickets,Pune,"Apr 15, 2015",Twenty20
509,RR,MI,RR,7 wickets,Ahmedabad,"Apr 14, 2015",Twenty20
510,RCB,SRH,SRH,8 wickets,Bengaluru,"Apr 13, 2015",Twenty20
511,MI,Kings XI,Kings XI,18 runs,Wankhede,"Apr 12, 2015",Twenty20
512,Daredevils,RR,RR,3 wickets,Delhi,"Apr 12, 2015",Twenty20
513,KKR,RCB,RCB,3 wickets,Eden Gardens,"Apr 11, 2015",Twenty20
514,CSK,SRH,CSK,45 runs,Chennai,"Apr 11, 2015",Twenty20
515,Kings XI,RR,RR,26 runs,Pune,"Apr 10, 2015",Twenty20
516,CSK,Daredevils,CSK,1 run,Chennai,"Apr 9, 2015",Twenty20
517,KKR,MI,KKR,7 wickets,Eden Gardens,"Apr 8, 2015",Twenty20
518,RCB,SRH,SRH,8 runs,Bengaluru,"May 29, 2016",Twenty20
519,Guj Lions,SRH,SRH,4 wickets,Delhi,"May 27, 2016",Twenty20
520,KKR,SRH,SRH,22 runs,Delhi,"May 25, 2016",Twenty20
521,RCB,Guj Lions,RCB,4 wickets,Bengaluru,"May 24, 2016",Twenty20
522,Daredevils,RCB,RCB,6 wickets,Raipur,"May 22, 2016",Twenty20
523,KKR,SRH,KKR,22 runs,Eden Gardens,"May 22, 2016",Twenty20
524,Guj Lions,MI,Guj Lions,6 wickets,Kanpur,"May 21, 2016",Twenty20
525,Supergiants,Kings XI,Supergiants,4 wickets,Visakhapatnam,"May 21, 2016",Twenty20
526,Daredevils,SRH,Daredevils,6 wickets,Raipur,"May 20, 2016",Twenty20
527,Guj Lions,KKR,Guj Lions,6 wickets,Kanpur,"May 19, 2016",Twenty20
528,RCB,Kings XI,RCB,82 runs,Bengaluru,"May 18, 2016",Twenty20
529,Supergiants,Daredevils,Supergiants,19 runs,Visakhapatnam,"May 17, 2016",Twenty20
530,KKR,RCB,RCB,9 wickets,Eden Gardens,"May 16, 2016",Twenty20
531,MI,Daredevils,MI,80 runs,Visakhapatnam,"May 15, 2016",Twenty20
532,Kings XI,SRH,SRH,7 wickets,Mohali,"May 15, 2016",Twenty20
533,KKR,Supergiants,KKR,8 wickets,Eden Gardens,"May 14, 2016",Twenty20
534,RCB,Guj Lions,RCB,144 runs,Bengaluru,"May 14, 2016",Twenty20
535,MI,Kings XI,Kings XI,7 wickets,Visakhapatnam,"May 13, 2016",Twenty20
536,SRH,Daredevils,Daredevils,7 wickets,Hyderabad,"May 12, 2016",Twenty20
537,RCB,MI,MI,6 wickets,Bengaluru,"May 11, 2016",Twenty20
538,Supergiants,SRH,SRH,4 runs,Visakhapatnam,"May 10, 2016",Twenty20
539,Kings XI,RCB,RCB,1 run,Mohali,"May 9, 2016",Twenty20
540,KKR,Guj Lions,Guj Lions,5 wickets,Eden Gardens,"May 8, 2016",Twenty20
541,MI,SRH,SRH,85 runs,Visakhapatnam,"May 8, 2016",Twenty20
542,Kings XI,Daredevils,Kings XI,9 runs,Mohali,"May 7, 2016",Twenty20
543,RCB,Supergiants,RCB,7 wickets,Bengaluru,"May 7, 2016",Twenty20
544,SRH,Guj Lions,SRH,5 wickets,Hyderabad,"May 6, 2016",Twenty20
545,Daredevils,Supergiants,Supergiants,7 wickets,Delhi,"May 5, 2016",Twenty20
546,KKR,Kings XI,KKR,7 runs,Eden Gardens,"May 4, 2016",Twenty20
547,Guj Lions,Daredevils,Daredevils,8 wickets,Rajkot,"May 3, 2016",Twenty20
548,RCB,KKR,KKR,5 wickets,Bengaluru,"May 2, 2016",Twenty20
549,Supergiants,MI,MI,8 wickets,Pune,"May 1, 2016",Twenty20
550,Guj Lions,Kings XI,Kings XI,23 runs,Rajkot,"May 1, 2016",Twenty20
551,SRH,RCB,SRH,15 runs,Hyderabad,"Apr 30, 2016",Twenty20
552,Daredevils,KKR,Daredevils,27 runs,Delhi,"Apr 30, 2016",Twenty20
553,Supergiants,Guj Lions,Guj Lions,3 wickets,Pune,"Apr 29, 2016",Twenty20
554,MI,KKR,MI,6 wickets,Wankhede,"Apr 28, 2016",Twenty20
555,Daredevils,Guj Lions,Guj Lions,1 run,Delhi,"Apr 27, 2016",Twenty20
556,SRH,Supergiants,Supergiants,34 runs,Hyderabad,"Apr 26, 2016",Twenty20
557,Kings XI,MI,MI,25 runs,Mohali,"Apr 25, 2016",Twenty20
558,Supergiants,KKR,KKR,2 wickets,Pune,"Apr 24, 2016",Twenty20
559,Guj Lions,RCB,Guj Lions,6 wickets,Rajkot,"Apr 24, 2016",Twenty20
560,SRH,Kings XI,SRH,5 wickets,Hyderabad,"Apr 23, 2016",Twenty20
561,Daredevils,MI,Daredevils,10 runs,Delhi,"Apr 23, 2016",Twenty20
562,Supergiants,RCB,RCB,13 runs,Pune,"Apr 22, 2016",Twenty20
563,Guj Lions,SRH,SRH,10 wickets,Rajkot,"Apr 21, 2016",Twenty20
564,MI,RCB,MI,6 wickets,Wankhede,"Apr 20, 2016",Twenty20
565,Kings XI,KKR,KKR,6 wickets,Mohali,"Apr 19, 2016",Twenty20
566,SRH,MI,SRH,7 wickets,Hyderabad,"Apr 18, 2016",Twenty20
567,RCB,Daredevils,Daredevils,7 wickets,Bengaluru,"Apr 17, 2016",Twenty20
568,Kings XI,Supergiants,Kings XI,6 wickets,Mohali,"Apr 17, 2016",Twenty20
569,MI,Guj Lions,Guj Lions,3 wickets,Wankhede,"Apr 16, 2016",Twenty20
570,SRH,KKR,KKR,8 wickets,Hyderabad,"Apr 16, 2016",Twenty20
571,Daredevils,Kings XI,Daredevils,8 wickets,Delhi,"Apr 15, 2016",Twenty20
572,Guj Lions,Supergiants,Guj Lions,7 wickets,Rajkot,"Apr 14, 2016",Twenty20
573,KKR,MI,MI,6 wickets,Eden Gardens,"Apr 13, 2016",Twenty20
574,RCB,SRH,RCB,45 runs,Bengaluru,"Apr 12, 2016",Twenty20
575,Kings XI,Guj Lions,Guj Lions,5 wickets,Mohali,"Apr 11, 2016",Twenty20
576,KKR,Daredevils,KKR,9 wickets,Eden Gardens,"Apr 10, 2016",Twenty20
577,MI,Supergiants,Supergiants,9 wickets,Wankhede,"Apr 9, 2016",Twenty20
578,MI,Supergiant,MI,1 run,Hyderabad,"May 21, 2017",Twenty20
579,KKR,MI,MI,6 wickets,Bengaluru,"May 19, 2017",Twenty20
580,KKR,SRH,KKR,7 wickets,Bengaluru,"May 17, 2017",Twenty20
581,MI,Supergiant,Supergiant,20 runs,Wankhede,"May 16, 2017",Twenty20
582,Daredevils,RCB,RCB,10 runs,Delhi,"May 14, 2017",Twenty20
583,Supergiant,Kings XI,Supergiant,9 wickets,Pune,"May 14, 2017",Twenty20
584,KKR,MI,MI,9 runs,Eden Gardens,"May 13, 2017",Twenty20
585,Guj Lions,SRH,SRH,8 wickets,Kanpur,"May 13, 2017",Twenty20
586,Daredevils,Supergiant,Daredevils,7 runs,Delhi,"May 12, 2017",Twenty20
587,MI,Kings XI,Kings XI,7 runs,Wankhede,"May 11, 2017",Twenty20
588,Guj Lions,Daredevils,Daredevils,2 wickets,Kanpur,"May 10, 2017",Twenty20
589,Kings XI,KKR,Kings XI,14 runs,Mohali,"May 9, 2017",Twenty20
590,SRH,MI,SRH,7 wickets,Hyderabad,"May 8, 2017",Twenty20
591,Kings XI,Guj Lions,Guj Lions,6 wickets,Mohali,"May 7, 2017",Twenty20
592,RCB,KKR,KKR,6 wickets,Bengaluru,"May 7, 2017",Twenty20
593,Daredevils,MI,MI,146 runs,Delhi,"May 6, 2017",Twenty20
594,SRH,Supergiant,Supergiant,12 runs,Hyderabad,"May 6, 2017",Twenty20
595,RCB,Kings XI,Kings XI,19 runs,Bengaluru,"May 5, 2017",Twenty20
596,Daredevils,Guj Lions,Daredevils,7 wickets,Delhi,"May 4, 2017",Twenty20
597,KKR,Supergiant,Supergiant,4 wickets,Eden Gardens,"May 3, 2017",Twenty20
598,Daredevils,SRH,Daredevils,6 wickets,Delhi,"May 2, 2017",Twenty20
599,Supergiant,Guj Lions,Supergiant,5 wickets,Pune,"May 1, 2017",Twenty20
600,MI,RCB,MI,5 wickets,Wankhede,"May 1, 2017",Twenty20
601,SRH,KKR,SRH,48 runs,Hyderabad,"Apr 30, 2017",Twenty20
602,Kings XI,Daredevils,Kings XI,10 wickets,Mohali,"Apr 30, 2017",Twenty20
603,Guj Lions,MI,tied,-,Rajkot,"Apr 29, 2017",Twenty20
604,Supergiant,RCB,Supergiant,61 runs,Pune,"Apr 29, 2017",Twenty20
605,Kings XI,SRH,SRH,26 runs,Mohali,"Apr 28, 2017",Twenty20
606,KKR,Daredevils,KKR,7 wickets,Eden Gardens,"Apr 28, 2017",Twenty20
607,RCB,Guj Lions,Guj Lions,7 wickets,Bengaluru,"Apr 27, 2017",Twenty20
608,Supergiant,KKR,KKR,7 wickets,Pune,"Apr 26, 2017",Twenty20
609,MI,Supergiant,Supergiant,3 runs,Wankhede,"Apr 24, 2017",Twenty20
610,KKR,RCB,KKR,82 runs,Eden Gardens,"Apr 23, 2017",Twenty20
611,Guj Lions,Kings XI,Kings XI,26 runs,Rajkot,"Apr 23, 2017",Twenty20
612,MI,Daredevils,MI,14 runs,Wankhede,"Apr 22, 2017",Twenty20
613,Supergiant,SRH,Supergiant,6 wickets,Pune,"Apr 22, 2017",Twenty20
614,KKR,Guj Lions,Guj Lions,4 wickets,Eden Gardens,"Apr 21, 2017",Twenty20
615,Kings XI,MI,MI,8 wickets,Indore,"Apr 20, 2017",Twenty20
616,SRH,Daredevils,SRH,15 runs,Hyderabad,"Apr 19, 2017",Twenty20
617,Guj Lions,RCB,RCB,21 runs,Rajkot,"Apr 18, 2017",Twenty20
618,SRH,Kings XI,SRH,5 runs,Hyderabad,"Apr 17, 2017",Twenty20
619,Daredevils,KKR,KKR,4 wickets,Delhi,"Apr 17, 2017",Twenty20
620,RCB,Supergiant,Supergiant,27 runs,Bengaluru,"Apr 16, 2017",Twenty20
621,MI,Guj Lions,MI,6 wickets,Wankhede,"Apr 16, 2017",Twenty20
622,Daredevils,Kings XI,Daredevils,51 runs,Delhi,"Apr 15, 2017",Twenty20
623,KKR,SRH,KKR,17 runs,Eden Gardens,"Apr 15, 2017",Twenty20
624,Guj Lions,Supergiant,Guj Lions,7 wickets,Rajkot,"Apr 14, 2017",Twenty20
625,RCB,MI,MI,4 wickets,Bengaluru,"Apr 14, 2017",Twenty20
626,KKR,Kings XI,KKR,8 wickets,Eden Gardens,"Apr 13, 2017",Twenty20
627,MI,SRH,MI,4 wickets,Wankhede,"Apr 12, 2017",Twenty20
628,Supergiant,Daredevils,Daredevils,97 runs,Pune,"Apr 11, 2017",Twenty20
629,Kings XI,RCB,Kings XI,8 wickets,Indore,"Apr 10, 2017",Twenty20
630,MI,KKR,MI,4 wickets,Wankhede,"Apr 9, 2017",Twenty20
631,SRH,Guj Lions,SRH,9 wickets,Hyderabad,"Apr 9, 2017",Twenty20
632,RCB,Daredevils,RCB,15 runs,Bengaluru,"Apr 8, 2017",Twenty20
633,Kings XI,Supergiant,Kings XI,6 wickets,Indore,"Apr 8, 2017",Twenty20
634,Guj Lions,KKR,KKR,10 wickets,Rajkot,"Apr 7, 2017",Twenty20
635,Supergiant,MI,Supergiant,7 wickets,Pune,"Apr 6, 2017",Twenty20
636,SRH,RCB,SRH,35 runs,Hyderabad,"Apr 5, 2017",Twenty20
637,CSK,SRH,CSK,8 wickets,Wankhede,"May 27, 2018",Twenty20
638,KKR,SRH,SRH,14 runs,Eden Gardens,"May 25, 2018",Twenty20
639,KKR,RR,KKR,25 runs,Eden Gardens,"May 23, 2018",Twenty20
640,CSK,SRH,CSK,2 wickets,Wankhede,"May 22, 2018",Twenty20
641,CSK,Kings XI,CSK,5 wickets,Pune,"May 20, 2018",Twenty20
642,Daredevils,MI,Daredevils,11 runs,Delhi,"May 20, 2018",Twenty20
643,SRH,KKR,KKR,5 wickets,Hyderabad,"May 19, 2018",Twenty20
644,RR,RCB,RR,30 runs,Jaipur,"May 19, 2018",Twenty20
645,Daredevils,CSK,Daredevils,34 runs,Delhi,"May 18, 2018",Twenty20
646,RCB,SRH,RCB,14 runs,Bengaluru,"May 17, 2018",Twenty20
647,MI,Kings XI,MI,3 runs,Wankhede,"May 16, 2018",Twenty20
648,KKR,RR,KKR,6 wickets,Eden Gardens,"May 15, 2018",Twenty20
649,Kings XI,RCB,RCB,10 wickets,Indore,"May 14, 2018",Twenty20
650,MI,RR,RR,7 wickets,Wankhede,"May 13, 2018",Twenty20
651,CSK,SRH,CSK,8 wickets,Pune,"May 13, 2018",Twenty20
652,Daredevils,RCB,RCB,5 wickets,Delhi,"May 12, 2018",Twenty20
653,Kings XI,KKR,KKR,31 runs,Indore,"May 12, 2018",Twenty20
654,RR,CSK,RR,4 wickets,Jaipur,"May 11, 2018",Twenty20
655,Daredevils,SRH,SRH,9 wickets,Delhi,"May 10, 2018",Twenty20
656,KKR,MI,MI,102 runs,Eden Gardens,"May 9, 2018",Twenty20
657,RR,Kings XI,RR,15 runs,Jaipur,"May 8, 2018",Twenty20
658,SRH,RCB,SRH,5 runs,Hyderabad,"May 7, 2018",Twenty20
659,Kings XI,RR,Kings XI,6 wickets,Indore,"May 6, 2018",Twenty20
660,MI,KKR,MI,13 runs,Wankhede,"May 6, 2018",Twenty20
661,SRH,Daredevils,SRH,7 wickets,Hyderabad,"May 5, 2018",Twenty20
662,CSK,RCB,CSK,6 wickets,Pune,"May 5, 2018",Twenty20
663,Kings XI,MI,MI,6 wickets,Indore,"May 4, 2018",Twenty20
664,KKR,CSK,KKR,6 wickets,Eden Gardens,"May 3, 2018",Twenty20
665,Daredevils,RR,Daredevils,4 runs,Delhi,"May 2, 2018",Twenty20
666,RCB,MI,RCB,14 runs,Bengaluru,"May 1, 2018",Twenty20
667,CSK,Daredevils,CSK,13 runs,Pune,"Apr 30, 2018",Twenty20
668,RCB,KKR,KKR,6 wickets,Bengaluru,"Apr 29, 2018",Twenty20
669,RR,SRH,SRH,11 runs,Jaipur,"Apr 29, 2018",Twenty20
670,CSK,MI,MI,8 wickets,Pune,"Apr 28, 2018",Twenty20
671,Daredevils,KKR,Daredevils,55 runs,Delhi,"Apr 27, 2018",Twenty20
672,SRH,Kings XI,SRH,13 runs,Hyderabad,"Apr 26, 2018",Twenty20
673,RCB,CSK,CSK,5 wickets,Bengaluru,"Apr 25, 2018",Twenty20
674,MI,SRH,SRH,31 runs,Wankhede,"Apr 24, 2018",Twenty20
675,Daredevils,Kings XI,Kings XI,4 runs,Delhi,"Apr 23, 2018",Twenty20
676,RR,MI,RR,3 wickets,Jaipur,"Apr 22, 2018",Twenty20
677,SRH,CSK,CSK,4 runs,Hyderabad,"Apr 22, 2018",Twenty20
678,RCB,Daredevils,RCB,6 wickets,Bengaluru,"Apr 21, 2018",Twenty20
679,KKR,Kings XI,Kings XI,9 wickets,Eden Gardens,"Apr 21, 2018",Twenty20
680,CSK,RR,CSK,64 runs,Pune,"Apr 20, 2018",Twenty20
681,Kings XI,SRH,Kings XI,15 runs,Mohali,"Apr 19, 2018",Twenty20
682,RR,KKR,KKR,7 wickets,Jaipur,"Apr 18, 2018",Twenty20
683,MI,RCB,MI,46 runs,Wankhede,"Apr 17, 2018",Twenty20
684,KKR,Daredevils,KKR,71 runs,Eden Gardens,"Apr 16, 2018",Twenty20
685,Kings XI,CSK,Kings XI,4 runs,Mohali,"Apr 15, 2018",Twenty20
686,RCB,RR,RR,19 runs,Bengaluru,"Apr 15, 2018",Twenty20
687,KKR,SRH,SRH,5 wickets,Eden Gardens,"Apr 14, 2018",Twenty20
688,MI,Daredevils,Daredevils,7 wickets,Wankhede,"Apr 14, 2018",Twenty20
689,RCB,Kings XI,RCB,4 wickets,Bengaluru,"Apr 13, 2018",Twenty20
690,SRH,MI,SRH,1 wicket,Hyderabad,"Apr 12, 2018",Twenty20
691,RR,Daredevils,RR,10 runs,Jaipur,"Apr 11, 2018",Twenty20
692,CSK,KKR,CSK,5 wickets,Chennai,"Apr 10, 2018",Twenty20
693,SRH,RR,SRH,9 wickets,Hyderabad,"Apr 9, 2018",Twenty20
694,KKR,RCB,KKR,4 wickets,Eden Gardens,"Apr 8, 2018",Twenty20
695,Kings XI,Daredevils,Kings XI,6 wickets,Mohali,"Apr 8, 2018",Twenty20
696,MI,CSK,CSK,1 wicket,Wankhede,"Apr 7, 2018",Twenty20
697,CSK,MI,MI,1 run,Hyderabad,"May 12, 2019",Twenty20
698,CSK,DC,CSK,6 wickets,Visakhapatnam,"May 10, 2019",Twenty20
699,SRH,DC,DC,2 wickets,Visakhapatnam,"May 8, 2019",Twenty20
700,CSK,MI,MI,6 wickets,Chennai,"May 7, 2019",Twenty20
701,MI,KKR,MI,9 wickets,Wankhede,"May 5, 2019",Twenty20
702,Kings XI,CSK,Kings XI,6 wickets,Mohali,"May 5, 2019",Twenty20
703,RCB,SRH,RCB,4 wickets,Bengaluru,"May 4, 2019",Twenty20
704,DC,RR,DC,5 wickets,Delhi,"May 4, 2019",Twenty20
705,Kings XI,KKR,KKR,7 wickets,Mohali,"May 3, 2019",Twenty20
706,MI,SRH,tied,-,Wankhede,"May 2, 2019",Twenty20
707,CSK,DC,CSK,80 runs,Chennai,"May 1, 2019",Twenty20
708,RCB,RR,no result,-,Bengaluru,"Apr 30, 2019",Twenty20
709,SRH,Kings XI,SRH,45 runs,Hyderabad,"Apr 29, 2019",Twenty20
710,KKR,MI,KKR,34 runs,Eden Gardens,"Apr 28, 2019",Twenty20
711,DC,RCB,DC,16 runs,Delhi,"Apr 28, 2019",Twenty20
712,RR,SRH,RR,7 wickets,Jaipur,"Apr 27, 2019",Twenty20
713,CSK,MI,MI,46 runs,Chennai,"Apr 26, 2019",Twenty20
714,KKR,RR,RR,3 wickets,Eden Gardens,"Apr 25, 2019",Twenty20
715,RCB,Kings XI,RCB,17 runs,Bengaluru,"Apr 24, 2019",Twenty20
716,CSK,SRH,CSK,6 wickets,Chennai,"Apr 23, 2019",Twenty20
717,RR,DC,DC,6 wickets,Jaipur,"Apr 22, 2019",Twenty20
718,RCB,CSK,RCB,1 run,Bengaluru,"Apr 21, 2019",Twenty20
719,SRH,KKR,SRH,9 wickets,Hyderabad,"Apr 21, 2019",Twenty20
720,DC,Kings XI,DC,5 wickets,Delhi,"Apr 20, 2019",Twenty20
721,RR,MI,RR,5 wickets,Jaipur,"Apr 20, 2019",Twenty20
722,KKR,RCB,RCB,10 runs,Eden Gardens,"Apr 19, 2019",Twenty20
723,DC,MI,MI,40 runs,Delhi,"Apr 18, 2019",Twenty20
724,SRH,CSK,SRH,6 wickets,Hyderabad,"Apr 17, 2019",Twenty20
725,Kings XI,RR,Kings XI,12 runs,Mohali,"Apr 16, 2019",Twenty20
726,MI,RCB,MI,5 wickets,Wankhede,"Apr 15, 2019",Twenty20
727,SRH,DC,DC,39 runs,Hyderabad,"Apr 14, 2019",Twenty20
728,KKR,CSK,CSK,5 wickets,Eden Gardens,"Apr 14, 2019",Twenty20
729,Kings XI,RCB,RCB,8 wickets,Mohali,"Apr 13, 2019",Twenty20
730,MI,RR,RR,4 wickets,Wankhede,"Apr 13, 2019",Twenty20
731,KKR,DC,DC,7 wickets,Eden Gardens,"Apr 12, 2019",Twenty20
732,RR,CSK,CSK,4 wickets,Jaipur,"Apr 11, 2019",Twenty20
733,MI,Kings XI,MI,3 wickets,Wankhede,"Apr 10, 2019",Twenty20
734,CSK,KKR,CSK,7 wickets,Chennai,"Apr 9, 2019",Twenty20
735,Kings XI,SRH,Kings XI,6 wickets,Mohali,"Apr 8, 2019",Twenty20
736,RR,KKR,KKR,8 wickets,Jaipur,"Apr 7, 2019",Twenty20
737,RCB,DC,DC,4 wickets,Bengaluru,"Apr 7, 2019",Twenty20
738,SRH,MI,MI,40 runs,Hyderabad,"Apr 6, 2019",Twenty20
739,CSK,Kings XI,CSK,22 runs,Chennai,"Apr 6, 2019",Twenty20
740,RCB,KKR,KKR,5 wickets,Bengaluru,"Apr 5, 2019",Twenty20
741,DC,SRH,SRH,5 wickets,Delhi,"Apr 4, 2019",Twenty20
742,MI,CSK,MI,37 runs,Wankhede,"Apr 3, 2019",Twenty20
743,RR,RCB,RR,7 wickets,Jaipur,"Apr 2, 2019",Twenty20
744,Kings XI,DC,Kings XI,14 runs,Mohali,"Apr 1, 2019",Twenty20
745,CSK,RR,CSK,8 runs,Chennai,"Mar 31, 2019",Twenty20
746,SRH,RCB,SRH,118 runs,Hyderabad,"Mar 31, 2019",Twenty20
747,DC,KKR,tied,-,Delhi,"Mar 30, 2019",Twenty20
748,Kings XI,MI,Kings XI,8 wickets,Mohali,"Mar 30, 2019",Twenty20
749,SRH,RR,SRH,5 wickets,Hyderabad,"Mar 29, 2019",Twenty20
750,RCB,MI,MI,6 runs,Bengaluru,"Mar 28, 2019",Twenty20
751,KKR,Kings XI,KKR,28 runs,Eden Gardens,"Mar 27, 2019",Twenty20
752,DC,CSK,CSK,6 wickets,Delhi,"Mar 26, 2019",Twenty20
753,RR,Kings XI,Kings XI,14 runs,Jaipur,"Mar 25, 2019",Twenty20
754,MI,DC,DC,37 runs,Wankhede,"Mar 24, 2019",Twenty20
755,KKR,SRH,KKR,6 wickets,Eden Gardens,"Mar 24, 2019",Twenty20
756,CSK,RCB,CSK,7 wickets,Chennai,"Mar 23, 2019",Twenty20
757,DC,MI,MI,5 wickets,Dubai (DICS),"Nov 10, 2020",Twenty20
758,DC,SRH,DC,17 runs,Abu Dhabi,"Nov 8, 2020",Twenty20
759,RCB,SRH,SRH,6 wickets,Abu Dhabi,"Nov 6, 2020",Twenty20
760,DC,MI,MI,57 runs,Dubai (DICS),"Nov 5, 2020",Twenty20
761,SRH,MI,SRH,10 wickets,Sharjah,"Nov 3, 2020",Twenty20
762,DC,RCB,DC,6 wickets,Abu Dhabi,"Nov 2, 2020",Twenty20
763,KKR,RR,KKR,60 runs,Dubai (DICS),"Nov 1, 2020",Twenty20
764,CSK,Kings XI,CSK,9 wickets,Abu Dhabi,"Nov 1, 2020",Twenty20
765,RCB,SRH,SRH,5 wickets,Sharjah,"Oct 31, 2020",Twenty20
766,DC,MI,MI,9 wickets,Dubai (DICS),"Oct 31, 2020",Twenty20
767,Kings XI,RR,RR,7 wickets,Abu Dhabi,"Oct 30, 2020",Twenty20
768,CSK,KKR,CSK,6 wickets,Dubai (DICS),"Oct 29, 2020",Twenty20
769,MI,RCB,MI,5 wickets,Abu Dhabi,"Oct 28, 2020",Twenty20
770,SRH,DC,SRH,88 runs,Dubai (DICS),"Oct 27, 2020",Twenty20
771,KKR,Kings XI,Kings XI,8 wickets,Sharjah,"Oct 26, 2020",Twenty20
772,RR,MI,RR,8 wickets,Abu Dhabi,"Oct 25, 2020",Twenty20
773,RCB,CSK,CSK,8 wickets,Dubai (DICS),"Oct 25, 2020",Twenty20
774,Kings XI,SRH,Kings XI,12 runs,Dubai (DICS),"Oct 24, 2020",Twenty20
775,KKR,DC,KKR,59 runs,Abu Dhabi,"Oct 24, 2020",Twenty20
776,CSK,MI,MI,10 wickets,Sharjah,"Oct 23, 2020",Twenty20
777,RR,SRH,SRH,8 wickets,Dubai (DICS),"Oct 22, 2020",Twenty20
778,KKR,RCB,RCB,8 wickets,Abu Dhabi,"Oct 21, 2020",Twenty20
779,Kings XI,DC,Kings XI,5 wickets,Dubai (DICS),"Oct 20, 2020",Twenty20
780,CSK,RR,RR,7 wickets,Abu Dhabi,"Oct 19, 2020",Twenty20
781,MI,Kings XI,tied,-,Dubai (DICS),"Oct 18, 2020",Twenty20
782,SRH,KKR,tied,-,Abu Dhabi,"Oct 18, 2020",Twenty20
783,DC,CSK,DC,5 wickets,Sharjah,"Oct 17, 2020",Twenty20
784,RR,RCB,RCB,7 wickets,Dubai (DICS),"Oct 17, 2020",Twenty20
785,MI,KKR,MI,8 wickets,Abu Dhabi,"Oct 16, 2020",Twenty20
786,RCB,Kings XI,Kings XI,8 wickets,Sharjah,"Oct 15, 2020",Twenty20
787,DC,RR,DC,13 runs,Dubai (DICS),"Oct 14, 2020",Twenty20
788,SRH,CSK,CSK,20 runs,Dubai (DICS),"Oct 13, 2020",Twenty20
789,RCB,KKR,RCB,82 runs,Sharjah,"Oct 12, 2020",Twenty20
790,MI,DC,MI,5 wickets,Abu Dhabi,"Oct 11, 2020",Twenty20
791,SRH,RR,RR,5 wickets,Dubai (DICS),"Oct 11, 2020",Twenty20
792,CSK,RCB,RCB,37 runs,Dubai (DICS),"Oct 10, 2020",Twenty20
793,Kings XI,KKR,KKR,2 runs,Abu Dhabi,"Oct 10, 2020",Twenty20
794,RR,DC,DC,46 runs,Sharjah,"Oct 9, 2020",Twenty20
795,SRH,Kings XI,SRH,69 runs,Dubai (DICS),"Oct 8, 2020",Twenty20
796,KKR,CSK,KKR,10 runs,Abu Dhabi,"Oct 7, 2020",Twenty20
797,MI,RR,MI,57 runs,Abu Dhabi,"Oct 6, 2020",Twenty20
798,RCB,DC,DC,59 runs,Dubai (DICS),"Oct 5, 2020",Twenty20
799,Kings XI,CSK,CSK,10 wickets,Dubai (DICS),"Oct 4, 2020",Twenty20
800,MI,SRH,MI,34 runs,Sharjah,"Oct 4, 2020",Twenty20
801,DC,KKR,DC,18 runs,Sharjah,"Oct 3, 2020",Twenty20
802,RCB,RR,RCB,8 wickets,Abu Dhabi,"Oct 3, 2020",Twenty20
803,CSK,SRH,SRH,7 runs,Dubai (DICS),"Oct 2, 2020",Twenty20
804,Kings XI,MI,MI,48 runs,Abu Dhabi,"Oct 1, 2020",Twenty20
805,RR,KKR,KKR,37 runs,Dubai (DICS),"Sep 30, 2020",Twenty20
806,DC,SRH,SRH,15 runs,Abu Dhabi,"Sep 29, 2020",Twenty20
807,RCB,MI,tied,-,Dubai (DICS),"Sep 28, 2020",Twenty20
808,RR,Kings XI,RR,4 wickets,Sharjah,"Sep 27, 2020",Twenty20
809,KKR,SRH,KKR,7 wickets,Abu Dhabi,"Sep 26, 2020",Twenty20
810,CSK,DC,DC,44 runs,Dubai (DICS),"Sep 25, 2020",Twenty20
811,Kings XI,RCB,Kings XI,97 runs,Dubai (DICS),"Sep 24, 2020",Twenty20
812,KKR,MI,MI,49 runs,Abu Dhabi,"Sep 23, 2020",Twenty20
813,RR,CSK,RR,16 runs,Sharjah,"Sep 22, 2020",Twenty20
814,SRH,RCB,RCB,10 runs,Dubai (DICS),"Sep 21, 2020",Twenty20
815,DC,Kings XI,tied,-,Dubai (DICS),"Sep 20, 2020",Twenty20
816,MI,CSK,CSK,5 wickets,Abu Dhabi,"Sep 19, 2020",Twenty20
817,CSK,KKR,CSK,27 runs,Dubai (DICS),"Oct 15, 2021",Twenty20
818,DC,KKR,KKR,3 wickets,Sharjah,"Oct 13, 2021",Twenty20
819,RCB,KKR,KKR,4 wickets,Sharjah,"Oct 11, 2021",Twenty20
820,DC,CSK,CSK,4 wickets,Dubai (DICS),"Oct 10, 2021",Twenty20
821,RCB,DC,RCB,7 wickets,Dubai (DICS),"Oct 8, 2021",Twenty20
822,SRH,MI,MI,42 runs,Abu Dhabi,"Oct 8, 2021",Twenty20
823,KKR,RR,KKR,86 runs,Sharjah,"Oct 7, 2021",Twenty20
824,CSK,Punjab Kings,Punjab Kings,6 wickets,Dubai (DICS),"Oct 7, 2021",Twenty20
825,RCB,SRH,SRH,4 runs,Abu Dhabi,"Oct 6, 2021",Twenty20
826,RR,MI,MI,8 wickets,Sharjah,"Oct 5, 2021",Twenty20
827,DC,CSK,DC,3 wickets,Dubai (DICS),"Oct 4, 2021",Twenty20
828,KKR,SRH,KKR,6 wickets,Dubai (DICS),"Oct 3, 2021",Twenty20
829,RCB,Punjab Kings,RCB,6 runs,Sharjah,"Oct 3, 2021",Twenty20
830,RR,CSK,RR,7 wickets,Abu Dhabi,"Oct 2, 2021",Twenty20
831,MI,DC,DC,4 wickets,Sharjah,"Oct 2, 2021",Twenty20
832,KKR,Punjab Kings,Punjab Kings,5 wickets,Dubai (DICS),"Oct 1, 2021",Twenty20
833,SRH,CSK,CSK,6 wickets,Sharjah,"Sep 30, 2021",Twenty20
834,RR,RCB,RCB,7 wickets,Dubai (DICS),"Sep 29, 2021",Twenty20
835,MI,Punjab Kings,MI,6 wickets,Abu Dhabi,"Sep 28, 2021",Twenty20
836,KKR,DC,KKR,3 wickets,Sharjah,"Sep 28, 2021",Twenty20
837,SRH,RR,SRH,7 wickets,Dubai (DICS),"Sep 27, 2021",Twenty20
838,RCB,MI,RCB,54 runs,Dubai (DICS),"Sep 26, 2021",Twenty20
839,CSK,KKR,CSK,2 wickets,Abu Dhabi,"Sep 26, 2021",Twenty20
840,SRH,Punjab Kings,Punjab Kings,5 runs,Sharjah,"Sep 25, 2021",Twenty20
841,DC,RR,DC,33 runs,Abu Dhabi,"Sep 25, 2021",Twenty20
842,RCB,CSK,CSK,6 wickets,Sharjah,"Sep 24, 2021",Twenty20
843,MI,KKR,KKR,7 wickets,Abu Dhabi,"Sep 23, 2021",Twenty20
844,DC,SRH,DC,8 wickets,Dubai (DICS),"Sep 22, 2021",Twenty20
845,Punjab Kings,RR,RR,2 runs,Dubai (DICS),"Sep 21, 2021",Twenty20
846,KKR,RCB,KKR,9 wickets,Abu Dhabi,"Sep 20, 2021",Twenty20
847,CSK,MI,CSK,20 runs,Dubai (DICS),"Sep 19, 2021",Twenty20
848,Punjab Kings,DC,DC,7 wickets,Ahmedabad,"May 2, 2021",Twenty20
849,RR,SRH,RR,55 runs,Delhi,"May 2, 2021",Twenty20
850,MI,CSK,MI,4 wickets,Delhi,"May 1, 2021",Twenty20
851,Punjab Kings,RCB,Punjab Kings,34 runs,Ahmedabad,"Apr 30, 2021",Twenty20
852,DC,KKR,DC,7 wickets,Ahmedabad,"Apr 29, 2021",Twenty20
853,MI,RR,MI,7 wickets,Delhi,"Apr 29, 2021",Twenty20
854,CSK,SRH,CSK,7 wickets,Delhi,"Apr 28, 2021",Twenty20
855,DC,RCB,RCB,1 run,Ahmedabad,"Apr 27, 2021",Twenty20
856,Punjab Kings,KKR,KKR,5 wickets,Ahmedabad,"Apr 26, 2021",Twenty20
857,SRH,DC,tied,-,Chennai,"Apr 25, 2021",Twenty20
858,CSK,RCB,CSK,69 runs,Wankhede,"Apr 25, 2021",Twenty20
859,RR,KKR,RR,6 wickets,Wankhede,"Apr 24, 2021",Twenty20
860,Punjab Kings,MI,Punjab Kings,9 wickets,Chennai,"Apr 23, 2021",Twenty20
861,RCB,RR,RCB,10 wickets,Wankhede,"Apr 22, 2021",Twenty20
862,KKR,CSK,CSK,18 runs,Wankhede,"Apr 21, 2021",Twenty20
863,Punjab Kings,SRH,SRH,9 wickets,Chennai,"Apr 21, 2021",Twenty20
864,DC,MI,DC,6 wickets,Chennai,"Apr 20, 2021",Twenty20
865,CSK,RR,CSK,45 runs,Wankhede,"Apr 19, 2021",Twenty20
866,DC,Punjab Kings,DC,6 wickets,Wankhede,"Apr 18, 2021",Twenty20
867,RCB,KKR,RCB,38 runs,Chennai,"Apr 18, 2021",Twenty20
868,MI,SRH,MI,13 runs,Chennai,"Apr 17, 2021",Twenty20
869,Punjab Kings,CSK,CSK,6 wickets,Wankhede,"Apr 16, 2021",Twenty20
870,RR,DC,RR,3 wickets,Wankhede,"Apr 15, 2021",Twenty20
871,SRH,RCB,RCB,6 runs,Chennai,"Apr 14, 2021",Twenty20
872,KKR,MI,MI,10 runs,Chennai,"Apr 13, 2021",Twenty20
873,RR,Punjab Kings,Punjab Kings,4 runs,Wankhede,"Apr 12, 2021",Twenty20
874,SRH,KKR,KKR,10 runs,Chennai,"Apr 11, 2021",Twenty20
875,CSK,DC,DC,7 wickets,Wankhede,"Apr 10, 2021",Twenty20
876,MI,RCB,RCB,2 wickets,Chennai,"Apr 9, 2021",Twenty20
877,GT,RR,GT,7 wickets,Ahmedabad,"May 29, 2022",Twenty20
878,RR,RCB,RR,7 wickets,Ahmedabad,"May 27, 2022",Twenty20
879,LSG,RCB,RCB,14 runs,Eden Gardens,"May 25, 2022",Twenty20
880,GT,RR,GT,7 wickets,Eden Gardens,"May 24, 2022",Twenty20
881,SRH,Punjab Kings,Punjab Kings,5 wickets,Wankhede,"May 22, 2022",Twenty20
882,MI,DC,MI,5 wickets,Wankhede,"May 21, 2022",Twenty20
883,RR,CSK,RR,5 wickets,Brabourne,"May 20, 2022",Twenty20
884,RCB,GT,RCB,8 wickets,Wankhede,"May 19, 2022",Twenty20
885,KKR,LSG,LSG,2 runs,DY Patil,"May 18, 2022",Twenty20
886,MI,SRH,SRH,3 runs,Wankhede,"May 17, 2022",Twenty20
887,Punjab Kings,DC,DC,17 runs,DY Patil,"May 16, 2022",Twenty20
888,LSG,RR,RR,24 runs,Brabourne,"May 15, 2022",Twenty20
889,CSK,GT,GT,7 wickets,Wankhede,"May 15, 2022",Twenty20
890,KKR,SRH,KKR,54 runs,Pune,"May 14, 2022",Twenty20
891,RCB,Punjab Kings,Punjab Kings,54 runs,Brabourne,"May 13, 2022",Twenty20
892,CSK,MI,MI,5 wickets,Wankhede,"May 12, 2022",Twenty20
893,RR,DC,DC,8 wickets,DY Patil,"May 11, 2022",Twenty20
894,LSG,GT,GT,62 runs,Pune,"May 10, 2022",Twenty20
895,MI,KKR,KKR,52 runs,DY Patil,"May 9, 2022",Twenty20
896,CSK,DC,CSK,91 runs,DY Patil,"May 8, 2022",Twenty20
897,SRH,RCB,RCB,67 runs,Wankhede,"May 8, 2022",Twenty20
898,LSG,KKR,LSG,75 runs,Pune,"May 7, 2022",Twenty20
899,Punjab Kings,RR,RR,6 wickets,Wankhede,"May 7, 2022",Twenty20
900,GT,MI,MI,5 runs,Brabourne,"May 6, 2022",Twenty20
901,DC,SRH,DC,21 runs,Brabourne,"May 5, 2022",Twenty20
902,RCB,CSK,RCB,13 runs,Pune,"May 4, 2022",Twenty20
903,GT,Punjab Kings,Punjab Kings,8 wickets,DY Patil,"May 3, 2022",Twenty20
904,KKR,RR,KKR,7 wickets,Wankhede,"May 2, 2022",Twenty20
905,SRH,CSK,CSK,13 runs,Pune,"May 1, 2022",Twenty20
906,DC,LSG,LSG,6 runs,Wankhede,"May 1, 2022",Twenty20
907,RR,MI,MI,5 wickets,DY Patil,"Apr 30, 2022",Twenty20
908,GT,RCB,GT,6 wickets,Brabourne,"Apr 30, 2022",Twenty20
909,Punjab Kings,LSG,LSG,20 runs,Pune,"Apr 29, 2022",Twenty20
910,DC,KKR,DC,4 wickets,Wankhede,"Apr 28, 2022",Twenty20
911,GT,SRH,GT,5 wickets,Wankhede,"Apr 27, 2022",Twenty20
912,RCB,RR,RR,29 runs,Pune,"Apr 26, 2022",Twenty20
913,Punjab Kings,CSK,Punjab Kings,11 runs,Wankhede,"Apr 25, 2022",Twenty20
914,LSG,MI,LSG,36 runs,Wankhede,"Apr 24, 2022",Twenty20
915,RCB,SRH,SRH,9 wickets,Brabourne,"Apr 23, 2022",Twenty20
916,KKR,GT,GT,8 runs,DY Patil,"Apr 23, 2022",Twenty20
917,DC,RR,RR,15 runs,Wankhede,"Apr 22, 2022",Twenty20
918,MI,CSK,CSK,3 wickets,DY Patil,"Apr 21, 2022",Twenty20
919,DC,Punjab Kings,DC,9 wickets,Brabourne,"Apr 20, 2022",Twenty20
920,LSG,RCB,RCB,18 runs,DY Patil,"Apr 19, 2022",Twenty20
921,RR,KKR,RR,7 runs,Brabourne,"Apr 18, 2022",Twenty20
922,GT,CSK,GT,3 wickets,Pune,"Apr 17, 2022",Twenty20
923,Punjab Kings,SRH,SRH,7 wickets,DY Patil,"Apr 17, 2022",Twenty20
924,DC,RCB,RCB,16 runs,Wankhede,"Apr 16, 2022",Twenty20
925,MI,LSG,LSG,18 runs,Brabourne,"Apr 16, 2022",Twenty20
926,SRH,KKR,SRH,7 wickets,Brabourne,"Apr 15, 2022",Twenty20
927,RR,GT,GT,37 runs,DY Patil,"Apr 14, 2022",Twenty20
928,MI,Punjab Kings,Punjab Kings,12 runs,Pune,"Apr 13, 2022",Twenty20
929,CSK,RCB,CSK,23 runs,DY Patil,"Apr 12, 2022",Twenty20
930,SRH,GT,SRH,8 wickets,DY Patil,"Apr 11, 2022",Twenty20
931,RR,LSG,RR,3 runs,Wankhede,"Apr 10, 2022",Twenty20
932,KKR,DC,DC,44 runs,Brabourne,"Apr 10, 2022",Twenty20
933,RCB,MI,RCB,7 wickets,Pune,"Apr 9, 2022",Twenty20
934,CSK,SRH,SRH,8 wickets,DY Patil,"Apr 9, 2022",Twenty20
935,Punjab Kings,GT,GT,6 wickets,Brabourne,"Apr 8, 2022",Twenty20
936,LSG,DC,LSG,6 wickets,DY Patil,"Apr 7, 2022",Twenty20
937,KKR,MI,KKR,5 wickets,Pune,"Apr 6, 2022",Twenty20
938,RR,RCB,RCB,4 wickets,Wankhede,"Apr 5, 2022",Twenty20
939,SRH,LSG,LSG,12 runs,DY Patil,"Apr 4, 2022",Twenty20
940,CSK,Punjab Kings,Punjab Kings,54 runs,Brabourne,"Apr 3, 2022",Twenty20
941,GT,DC,GT,14 runs,Pune,"Apr 2, 2022",Twenty20
942,MI,RR,RR,23 runs,DY Patil,"Apr 2, 2022",Twenty20
943,KKR,Punjab Kings,KKR,6 wickets,Wankhede,"Apr 1, 2022",Twenty20
944,LSG,CSK,LSG,6 wickets,Brabourne,"Mar 31, 2022",Twenty20
945,RCB,KKR,RCB,3 wickets,DY Patil,"Mar 30, 2022",Twenty20
946,SRH,RR,RR,61 runs,Pune,"Mar 29, 2022",Twenty20
947,GT,LSG,GT,5 wickets,Wankhede,"Mar 28, 2022",Twenty20
948,Punjab Kings,RCB,Punjab Kings,5 wickets,DY Patil,"Mar 27, 2022",Twenty20
949,DC,MI,DC,4 wickets,Brabourne,"Mar 27, 2022",Twenty20
950,CSK,KKR,KKR,6 wickets,Wankhede,"Mar 26, 2022",Twenty20
951,GT,CSK,CSK,5 wickets,Ahmedabad,"May 28-29, 2023",Twenty20
952,GT,MI,GT,62 runs,Ahmedabad,"May 26, 2023",Twenty20
953,LSG,MI,MI,81 runs,Chennai,"May 24, 2023",Twenty20
954,CSK,GT,CSK,15 runs,Chennai,"May 23, 2023",Twenty20
955,RCB,GT,GT,6 wickets,Bengaluru,"May 21, 2023",Twenty20
956,MI,SRH,MI,8 wickets,Wankhede,"May 21, 2023",Twenty20
957,KKR,LSG,LSG,1 run,Eden Gardens,"May 20, 2023",Twenty20
958,DC,CSK,CSK,77 runs,Delhi,"May 20, 2023",Twenty20
959,Punjab Kings,RR,RR,4 wickets,Dharamsala,"May 19, 2023",Twenty20
960,SRH,RCB,RCB,8 wickets,Hyderabad,"May 18, 2023",Twenty20
961,Punjab Kings,DC,DC,15 runs,Dharamsala,"May 17, 2023",Twenty20
962,LSG,MI,LSG,5 runs,Lucknow,"May 16, 2023",Twenty20
963,GT,SRH,GT,34 runs,Ahmedabad,"May 15, 2023",Twenty20
964,CSK,KKR,KKR,6 wickets,Chennai,"May 14, 2023",Twenty20
965,RR,RCB,RCB,112 runs,Jaipur,"May 14, 2023",Twenty20
966,DC,Punjab Kings,Punjab Kings,31 runs,Delhi,"May 13, 2023",Twenty20
967,SRH,LSG,LSG,7 wickets,Hyderabad,"May 13, 2023",Twenty20
968,MI,GT,MI,27 runs,Wankhede,"May 12, 2023",Twenty20
969,KKR,RR,RR,9 wickets,Eden Gardens,"May 11, 2023",Twenty20
970,CSK,DC,CSK,27 runs,Chennai,"May 10, 2023",Twenty20
971,MI,RCB,MI,6 wickets,Wankhede,"May 9, 2023",Twenty20
972,KKR,Punjab Kings,KKR,5 wickets,Eden Gardens,"May 8, 2023",Twenty20
973,RR,SRH,SRH,4 wickets,Jaipur,"May 7, 2023",Twenty20
974,GT,LSG,GT,56 runs,Ahmedabad,"May 7, 2023",Twenty20
975,DC,RCB,DC,7 wickets,Delhi,"May 6, 2023",Twenty20
976,CSK,MI,CSK,6 wickets,Chennai,"May 6, 2023",Twenty20
977,RR,GT,GT,9 wickets,Jaipur,"May 5, 2023",Twenty20
978,SRH,KKR,KKR,5 runs,Hyderabad,"May 4, 2023",Twenty20
979,Punjab Kings,MI,MI,6 wickets,Mohali,"May 3, 2023",Twenty20
980,LSG,CSK,no result,-,Lucknow,"May 3, 2023",Twenty20
981,GT,DC,DC,5 runs,Ahmedabad,"May 2, 2023",Twenty20
982,LSG,RCB,RCB,18 runs,Lucknow,"May 1, 2023",Twenty20
983,MI,RR,MI,6 wickets,Wankhede,"Apr 30, 2023",Twenty20
984,CSK,Punjab Kings,Punjab Kings,4 wickets,Chennai,"Apr 30, 2023",Twenty20
985,DC,SRH,SRH,9 runs,Delhi,"Apr 29, 2023",Twenty20
986,KKR,GT,GT,7 wickets,Eden Gardens,"Apr 29, 2023",Twenty20
987,Punjab Kings,LSG,LSG,56 runs,Mohali,"Apr 28, 2023",Twenty20
988,RR,CSK,RR,32 runs,Jaipur,"Apr 27, 2023",Twenty20
989,RCB,KKR,KKR,21 runs,Bengaluru,"Apr 26, 2023",Twenty20
990,GT,MI,GT,55 runs,Ahmedabad,"Apr 25, 2023",Twenty20
991,SRH,DC,DC,7 runs,Hyderabad,"Apr 24, 2023",Twenty20
992,KKR,CSK,CSK,49 runs,Eden Gardens,"Apr 23, 2023",Twenty20
993,RCB,RR,RCB,7 runs,Bengaluru,"Apr 23, 2023",Twenty20
994,MI,Punjab Kings,Punjab Kings,13 runs,Wankhede,"Apr 22, 2023",Twenty20
995,LSG,GT,GT,7 runs,Lucknow,"Apr 22, 2023",Twenty20
996,CSK,SRH,CSK,7 wickets,Chennai,"Apr 21, 2023",Twenty20
997,DC,KKR,DC,4 wickets,Delhi,"Apr 20, 2023",Twenty20
998,Punjab Kings,RCB,RCB,24 runs,Mohali,"Apr 20, 2023",Twenty20
999,RR,LSG,LSG,10 runs,Jaipur,"Apr 19, 2023",Twenty20
1000,SRH,MI,MI,14 runs,Hyderabad,"Apr 18, 2023",Twenty20
1001,RCB,CSK,CSK,8 runs,Bengaluru,"Apr 17, 2023",Twenty20
1002,GT,RR,RR,3 wickets,Ahmedabad,"Apr 16, 2023",Twenty20
1003,MI,KKR,MI,5 wickets,Wankhede,"Apr 16, 2023",Twenty20
1004,LSG,Punjab Kings,Punjab Kings,2 wickets,Lucknow,"Apr 15, 2023",Twenty20
1005,RCB,DC,RCB,23 runs,Bengaluru,"Apr 15, 2023",Twenty20
1006,KKR,SRH,SRH,23 runs,Eden Gardens,"Apr 14, 2023",Twenty20
1007,Punjab Kings,GT,GT,6 wickets,Mohali,"Apr 13, 2023",Twenty20
1008,CSK,RR,RR,3 runs,Chennai,"Apr 12, 2023",Twenty20
1009,DC,MI,MI,6 wickets,Delhi,"Apr 11, 2023",Twenty20
1010,RCB,LSG,LSG,1 wicket,Bengaluru,"Apr 10, 2023",Twenty20
1011,SRH,Punjab Kings,SRH,8 wickets,Hyderabad,"Apr 9, 2023",Twenty20
1012,GT,KKR,KKR,3 wickets,Ahmedabad,"Apr 9, 2023",Twenty20
1013,MI,CSK,CSK,7 wickets,Wankhede,"Apr 8, 2023",Twenty20
1014,RR,DC,RR,57 runs,Guwahati,"Apr 8, 2023",Twenty20
1015,LSG,SRH,LSG,5 wickets,Lucknow,"Apr 7, 2023",Twenty20
1016,KKR,RCB,KKR,81 runs,Eden Gardens,"Apr 6, 2023",Twenty20
1017,RR,Punjab Kings,Punjab Kings,5 runs,Guwahati,"Apr 5, 2023",Twenty20
1018,DC,GT,GT,6 wickets,Delhi,"Apr 4, 2023",Twenty20
1019,CSK,LSG,CSK,12 runs,Chennai,"Apr 3, 2023",Twenty20
1020,RCB,MI,RCB,8 wickets,Bengaluru,"Apr 2, 2023",Twenty20
1021,SRH,RR,RR,72 runs,Hyderabad,"Apr 2, 2023",Twenty20
1022,LSG,DC,LSG,50 runs,Lucknow,"Apr 1, 2023",Twenty20
1023,Punjab Kings,KKR,Punjab Kings,7 runs,Mohali,"Apr 1, 2023",Twenty20
1024,GT,CSK,GT,5 wickets,Ahmedabad,"Mar 31, 2023",Twenty20
1025,KKR,SRH,KKR,8 wickets,Chennai,"May 26, 2024",Twenty20
1026,RR,SRH,SRH,36 runs,Chennai,"May 24, 2024",Twenty20
1027,RR,RCB,RR,4 wickets,Ahmedabad,"May 22, 2024",Twenty20
1028,KKR,SRH,KKR,8 wickets,Ahmedabad,"May 21, 2024",Twenty20
1029,RR,KKR,no result,-,Guwahati,"May 19, 2024",Twenty20
1030,SRH,Punjab Kings,SRH,4 wickets,Hyderabad,"May 19, 2024",Twenty20
1031,RCB,CSK,RCB,27 runs,Bengaluru,"May 18, 2024",Twenty20
1032,MI,LSG,LSG,18 runs,Wankhede,"May 17, 2024",Twenty20
1033,RR,Punjab Kings,Punjab Kings,5 wickets,Guwahati,"May 15, 2024",Twenty20
1034,DC,LSG,DC,19 runs,Delhi,"May 14, 2024",Twenty20
1035,RCB,DC,RCB,47 runs,Bengaluru,"May 12, 2024",Twenty20
1036,CSK,RR,CSK,5 wickets,Chennai,"May 12, 2024",Twenty20
1037,KKR,MI,KKR,18 runs,Eden Gardens,"May 11, 2024",Twenty20
1038,GT,CSK,GT,35 runs,Ahmedabad,"May 10, 2024",Twenty20
1039,Punjab Kings,RCB,RCB,60 runs,Dharamsala,"May 9, 2024",Twenty20
1040,SRH,LSG,SRH,10 wickets,Hyderabad,"May 8, 2024",Twenty20
1041,DC,RR,DC,20 runs,Delhi,"May 7, 2024",Twenty20
1042,MI,SRH,MI,7 wickets,Wankhede,"May 6, 2024",Twenty20
1043,LSG,KKR,KKR,98 runs,Lucknow,"May 5, 2024",Twenty20
1044,Punjab Kings,CSK,CSK,28 runs,Dharamsala,"May 5, 2024",Twenty20
1045,RCB,GT,RCB,4 wickets,Bengaluru,"May 4, 2024",Twenty20
1046,MI,KKR,KKR,24 runs,Wankhede,"May 3, 2024",Twenty20
1047,SRH,RR,SRH,1 run,Hyderabad,"May 2, 2024",Twenty20
1048,CSK,Punjab Kings,Punjab Kings,7 wickets,Chennai,"May 1, 2024",Twenty20
1049,LSG,MI,LSG,4 wickets,Lucknow,"Apr 30, 2024",Twenty20
1050,KKR,DC,KKR,7 wickets,Eden Gardens,"Apr 29, 2024",Twenty20
1051,CSK,SRH,CSK,78 runs,Chennai,"Apr 28, 2024",Twenty20
1052,GT,RCB,RCB,9 wickets,Ahmedabad,"Apr 28, 2024",Twenty20
1053,LSG,RR,RR,7 wickets,Lucknow,"Apr 27, 2024",Twenty20
1054,DC,MI,DC,10 runs,Delhi,"Apr 27, 2024",Twenty20
1055,KKR,Punjab Kings,Punjab Kings,8 wickets,Eden Gardens,"Apr 26, 2024",Twenty20
1056,SRH,RCB,RCB,35 runs,Hyderabad,"Apr 25, 2024",Twenty20
1057,DC,GT,DC,4 runs,Delhi,"Apr 24, 2024",Twenty20
1058,CSK,LSG,LSG,6 wickets,Chennai,"Apr 23, 2024",Twenty20
1059,RR,MI,RR,9 wickets,Jaipur,"Apr 22, 2024",Twenty20
1060,Punjab Kings,GT,GT,3 wickets,Mullanpur,"Apr 21, 2024",Twenty20
1061,KKR,RCB,KKR,1 run,Eden Gardens,"Apr 21, 2024",Twenty20
1062,DC,SRH,SRH,67 runs,Delhi,"Apr 20, 2024",Twenty20
1063,LSG,CSK,LSG,8 wickets,Lucknow,"Apr 19, 2024",Twenty20
1064,Punjab Kings,MI,MI,9 runs,Mullanpur,"Apr 18, 2024",Twenty20
1065,GT,DC,DC,6 wickets,Ahmedabad,"Apr 17, 2024",Twenty20
1066,KKR,RR,RR,2 wickets,Eden Gardens,"Apr 16, 2024",Twenty20
1067,RCB,SRH,SRH,25 runs,Bengaluru,"Apr 15, 2024",Twenty20
1068,MI,CSK,CSK,20 runs,Wankhede,"Apr 14, 2024",Twenty20
1069,KKR,LSG,KKR,8 wickets,Eden Gardens,"Apr 14, 2024",Twenty20
1070,Punjab Kings,RR,RR,3 wickets,Mullanpur,"Apr 13, 2024",Twenty20
1071,LSG,DC,DC,6 wickets,Lucknow,"Apr 12, 2024",Twenty20
1072,MI,RCB,MI,7 wickets,Wankhede,"Apr 11, 2024",Twenty20
1073,RR,GT,GT,3 wickets,Jaipur,"Apr 10, 2024",Twenty20
1074,Punjab Kings,SRH,SRH,2 runs,Mullanpur,"Apr 9, 2024",Twenty20
1075,CSK,KKR,CSK,7 wickets,Chennai,"Apr 8, 2024",Twenty20
1076,LSG,GT,LSG,33 runs,Lucknow,"Apr 7, 2024",Twenty20
1077,MI,DC,MI,29 runs,Wankhede,"Apr 7, 2024",Twenty20
1078,RR,RCB,RR,6 wickets,Jaipur,"Apr 6, 2024",Twenty20
1079,SRH,CSK,SRH,6 wickets,Hyderabad,"Apr 5, 2024",Twenty20
1080,GT,Punjab Kings,Punjab Kings,3 wickets,Ahmedabad,"Apr 4, 2024",Twenty20
1081,DC,KKR,KKR,106 runs,Visakhapatnam,"Apr 3, 2024",Twenty20
1082,RCB,LSG,LSG,28 runs,Bengaluru,"Apr 2, 2024",Twenty20
1083,MI,RR,RR,6 wickets,Wankhede,"Apr 1, 2024",Twenty20
1084,DC,CSK,DC,20 runs,Visakhapatnam,"Mar 31, 2024",Twenty20
1085,GT,SRH,GT,7 wickets,Ahmedabad,"Mar 31, 2024",Twenty20
1086,LSG,Punjab Kings,LSG,21 runs,Lucknow,"Mar 30, 2024",Twenty20
1087,RCB,KKR,KKR,7 wickets,Bengaluru,"Mar 29, 2024",Twenty20
1088,RR,DC,RR,12 runs,Jaipur,"Mar 28, 2024",Twenty20
1089,SRH,MI,SRH,31 runs,Hyderabad,"Mar 27, 2024",Twenty20
1090,CSK,GT,CSK,63 runs,Chennai,"Mar 26, 2024",Twenty20
1091,RCB,Punjab Kings,RCB,4 wickets,Bengaluru,"Mar 25, 2024",Twenty20
1092,GT,MI,GT,6 runs,Ahmedabad,"Mar 24, 2024",Twenty20
1093,RR,LSG,RR,20 runs,Jaipur,"Mar 24, 2024",Twenty20
1094,KKR,SRH,KKR,4 runs,Eden Gardens,"Mar 23, 2024",Twenty20
1095,Punjab Kings,DC,Punjab Kings,4 wickets,Mullanpur,"Mar 23, 2024",Twenty20
1096,CSK,RCB,CSK,6 wickets,Chennai,"Mar 22, 2024",Twenty20
